Build profile: -w ghc-9.12.4 -O1
In order, the following will be built (use -v for more details):
 - kiroku-store-0.11.0.0 (lib) (configuration changed)
 - kiroku-store-migrations-0.7.1.0 (lib) (configuration changed)
 - unicode-data-0.9.0 (lib) (requires build)
 - shibuya-kiroku-adapter-0.6.0.1 (lib:shibuya-kiroku-adapter-internal) (configuration changed)
 - kiroku-otel-0.2.0.12 (lib) (configuration changed)
 - kiroku-cli-0.2.0.10 (lib) (configuration changed)
 - streamly-0.11.1 (lib) (requires build)
 - kiroku-metrics-0.3.0.0 (lib) (configuration changed)
 - shibuya-core-0.10.0.1 (lib) (requires build)
 - shibuya-kiroku-adapter-0.6.0.1 (lib) (configuration changed)
Configuring library for kiroku-store-0.11.0.0...
Preprocessing library for kiroku-store-0.11.0.0...
Building library for kiroku-store-0.11.0.0...
[ 1 of 31] Compiling Kiroku.Store.Types ( src/Kiroku/Store/Types.hs, /var/folders/fn/022xr90s5mz417hz7fllrhv80000gn/T/mp13-release-source-6jhizn0h/dist-newstyle/build/aarch64-osx/ghc-9.12.4/kiroku-store-0.11.0.0/build/Kiroku/Store/Types.o, /var/folders/fn/022xr90s5mz417hz7fllrhv80000gn/T/mp13-release-source-6jhizn0h/dist-newstyle/build/aarch64-osx/ghc-9.12.4/kiroku-store-0.11.0.0/build/Kiroku/Store/Types.dyn_o ) [Flags changed]
[ 2 of 31] Compiling Kiroku.Store.Settings ( src/Kiroku/Store/Settings.hs, /var/folders/fn/022xr90s5mz417hz7fllrhv80000gn/T/mp13-release-source-6jhizn0h/dist-newstyle/build/aarch64-osx/ghc-9.12.4/kiroku-store-0.11.0.0/build/Kiroku/Store/Settings.o, /var/folders/fn/022xr90s5mz417hz7fllrhv80000gn/T/mp13-release-source-6jhizn0h/dist-newstyle/build/aarch64-osx/ghc-9.12.4/kiroku-store-0.11.0.0/build/Kiroku/Store/Settings.dyn_o ) [Flags changed]
[ 3 of 31] Compiling Kiroku.Store.Subscription.Fsm ( src/Kiroku/Store/Subscription/Fsm.hs, /var/folders/fn/022xr90s5mz417hz7fllrhv80000gn/T/mp13-release-source-6jhizn0h/dist-newstyle/build/aarch64-osx/ghc-9.12.4/kiroku-store-0.11.0.0/build/Kiroku/Store/Subscription/Fsm.o, /var/folders/fn/022xr90s5mz417hz7fllrhv80000gn/T/mp13-release-source-6jhizn0h/dist-newstyle/build/aarch64-osx/ghc-9.12.4/kiroku-store-0.11.0.0/build/Kiroku/Store/Subscription/Fsm.dyn_o ) [Flags changed]
[ 4 of 31] Compiling Kiroku.Store.Subscription.Types ( src/Kiroku/Store/Subscription/Types.hs, /var/folders/fn/022xr90s5mz417hz7fllrhv80000gn/T/mp13-release-source-6jhizn0h/dist-newstyle/build/aarch64-osx/ghc-9.12.4/kiroku-store-0.11.0.0/build/Kiroku/Store/Subscription/Types.o, /var/folders/fn/022xr90s5mz417hz7fllrhv80000gn/T/mp13-release-source-6jhizn0h/dist-newstyle/build/aarch64-osx/ghc-9.12.4/kiroku-store-0.11.0.0/build/Kiroku/Store/Subscription/Types.dyn_o ) [Flags changed]
[ 5 of 31] Compiling Kiroku.Store.Subscription.DeadLetter.SQL ( src/Kiroku/Store/Subscription/DeadLetter/SQL.hs, /var/folders/fn/022xr90s5mz417hz7fllrhv80000gn/T/mp13-release-source-6jhizn0h/dist-newstyle/build/aarch64-osx/ghc-9.12.4/kiroku-store-0.11.0.0/build/Kiroku/Store/Subscription/DeadLetter/SQL.o, /var/folders/fn/022xr90s5mz417hz7fllrhv80000gn/T/mp13-release-source-6jhizn0h/dist-newstyle/build/aarch64-osx/ghc-9.12.4/kiroku-store-0.11.0.0/build/Kiroku/Store/Subscription/DeadLetter/SQL.dyn_o ) [Flags changed]
[ 6 of 31] Compiling Kiroku.Store.Subscription.CheckpointInventory.SQL ( src/Kiroku/Store/Subscription/CheckpointInventory/SQL.hs, /var/folders/fn/022xr90s5mz417hz7fllrhv80000gn/T/mp13-release-source-6jhizn0h/dist-newstyle/build/aarch64-osx/ghc-9.12.4/kiroku-store-0.11.0.0/build/Kiroku/Store/Subscription/CheckpointInventory/SQL.o, /var/folders/fn/022xr90s5mz417hz7fllrhv80000gn/T/mp13-release-source-6jhizn0h/dist-newstyle/build/aarch64-osx/ghc-9.12.4/kiroku-store-0.11.0.0/build/Kiroku/Store/Subscription/CheckpointInventory/SQL.dyn_o ) [Flags changed]
[ 7 of 31] Compiling Kiroku.Store.SQL ( src/Kiroku/Store/SQL.hs, /var/folders/fn/022xr90s5mz417hz7fllrhv80000gn/T/mp13-release-source-6jhizn0h/dist-newstyle/build/aarch64-osx/ghc-9.12.4/kiroku-store-0.11.0.0/build/Kiroku/Store/SQL.o, /var/folders/fn/022xr90s5mz417hz7fllrhv80000gn/T/mp13-release-source-6jhizn0h/dist-newstyle/build/aarch64-osx/ghc-9.12.4/kiroku-store-0.11.0.0/build/Kiroku/Store/SQL.dyn_o ) [Flags changed]
[ 8 of 31] Compiling Kiroku.Store.Subscription.Checkpoint.SQL ( src/Kiroku/Store/Subscription/Checkpoint/SQL.hs, /var/folders/fn/022xr90s5mz417hz7fllrhv80000gn/T/mp13-release-source-6jhizn0h/dist-newstyle/build/aarch64-osx/ghc-9.12.4/kiroku-store-0.11.0.0/build/Kiroku/Store/Subscription/Checkpoint/SQL.o, /var/folders/fn/022xr90s5mz417hz7fllrhv80000gn/T/mp13-release-source-6jhizn0h/dist-newstyle/build/aarch64-osx/ghc-9.12.4/kiroku-store-0.11.0.0/build/Kiroku/Store/Subscription/Checkpoint/SQL.dyn_o ) [Flags changed]
[ 9 of 31] Compiling Kiroku.Store.Subscription.Checkpoint ( src/Kiroku/Store/Subscription/Checkpoint.hs, /var/folders/fn/022xr90s5mz417hz7fllrhv80000gn/T/mp13-release-source-6jhizn0h/dist-newstyle/build/aarch64-osx/ghc-9.12.4/kiroku-store-0.11.0.0/build/Kiroku/Store/Subscription/Checkpoint.o, /var/folders/fn/022xr90s5mz417hz7fllrhv80000gn/T/mp13-release-source-6jhizn0h/dist-newstyle/build/aarch64-osx/ghc-9.12.4/kiroku-store-0.11.0.0/build/Kiroku/Store/Subscription/Checkpoint.dyn_o ) [Flags changed]
[10 of 31] Compiling Kiroku.Store.HistoryRetention.Types ( src/Kiroku/Store/HistoryRetention/Types.hs, /var/folders/fn/022xr90s5mz417hz7fllrhv80000gn/T/mp13-release-source-6jhizn0h/dist-newstyle/build/aarch64-osx/ghc-9.12.4/kiroku-store-0.11.0.0/build/Kiroku/Store/HistoryRetention/Types.o, /var/folders/fn/022xr90s5mz417hz7fllrhv80000gn/T/mp13-release-source-6jhizn0h/dist-newstyle/build/aarch64-osx/ghc-9.12.4/kiroku-store-0.11.0.0/build/Kiroku/Store/HistoryRetention/Types.dyn_o ) [Flags changed]
[11 of 31] Compiling Kiroku.Store.Observability ( src/Kiroku/Store/Observability.hs, /var/folders/fn/022xr90s5mz417hz7fllrhv80000gn/T/mp13-release-source-6jhizn0h/dist-newstyle/build/aarch64-osx/ghc-9.12.4/kiroku-store-0.11.0.0/build/Kiroku/Store/Observability.o, /var/folders/fn/022xr90s5mz417hz7fllrhv80000gn/T/mp13-release-source-6jhizn0h/dist-newstyle/build/aarch64-osx/ghc-9.12.4/kiroku-store-0.11.0.0/build/Kiroku/Store/Observability.dyn_o ) [Flags changed]
[12 of 31] Compiling Kiroku.Store.Subscription.EventPublisher ( src/Kiroku/Store/Subscription/EventPublisher.hs, /var/folders/fn/022xr90s5mz417hz7fllrhv80000gn/T/mp13-release-source-6jhizn0h/dist-newstyle/build/aarch64-osx/ghc-9.12.4/kiroku-store-0.11.0.0/build/Kiroku/Store/Subscription/EventPublisher.o, /var/folders/fn/022xr90s5mz417hz7fllrhv80000gn/T/mp13-release-source-6jhizn0h/dist-newstyle/build/aarch64-osx/ghc-9.12.4/kiroku-store-0.11.0.0/build/Kiroku/Store/Subscription/EventPublisher.dyn_o ) [Flags changed]
[13 of 31] Compiling Kiroku.Store.Subscription.Worker ( src/Kiroku/Store/Subscription/Worker.hs, /var/folders/fn/022xr90s5mz417hz7fllrhv80000gn/T/mp13-release-source-6jhizn0h/dist-newstyle/build/aarch64-osx/ghc-9.12.4/kiroku-store-0.11.0.0/build/Kiroku/Store/Subscription/Worker.o, /var/folders/fn/022xr90s5mz417hz7fllrhv80000gn/T/mp13-release-source-6jhizn0h/dist-newstyle/build/aarch64-osx/ghc-9.12.4/kiroku-store-0.11.0.0/build/Kiroku/Store/Subscription/Worker.dyn_o ) [Flags changed]
[14 of 31] Compiling Kiroku.Store.Notification ( src/Kiroku/Store/Notification.hs, /var/folders/fn/022xr90s5mz417hz7fllrhv80000gn/T/mp13-release-source-6jhizn0h/dist-newstyle/build/aarch64-osx/ghc-9.12.4/kiroku-store-0.11.0.0/build/Kiroku/Store/Notification.o, /var/folders/fn/022xr90s5mz417hz7fllrhv80000gn/T/mp13-release-source-6jhizn0h/dist-newstyle/build/aarch64-osx/ghc-9.12.4/kiroku-store-0.11.0.0/build/Kiroku/Store/Notification.dyn_o ) [Flags changed]
[15 of 31] Compiling Kiroku.Store.Connection ( src/Kiroku/Store/Connection.hs, /var/folders/fn/022xr90s5mz417hz7fllrhv80000gn/T/mp13-release-source-6jhizn0h/dist-newstyle/build/aarch64-osx/ghc-9.12.4/kiroku-store-0.11.0.0/build/Kiroku/Store/Connection.o, /var/folders/fn/022xr90s5mz417hz7fllrhv80000gn/T/mp13-release-source-6jhizn0h/dist-newstyle/build/aarch64-osx/ghc-9.12.4/kiroku-store-0.11.0.0/build/Kiroku/Store/Connection.dyn_o ) [Flags changed]
[16 of 31] Compiling Kiroku.Store.Effect.Resource ( src/Kiroku/Store/Effect/Resource.hs, /var/folders/fn/022xr90s5mz417hz7fllrhv80000gn/T/mp13-release-source-6jhizn0h/dist-newstyle/build/aarch64-osx/ghc-9.12.4/kiroku-store-0.11.0.0/build/Kiroku/Store/Effect/Resource.o, /var/folders/fn/022xr90s5mz417hz7fllrhv80000gn/T/mp13-release-source-6jhizn0h/dist-newstyle/build/aarch64-osx/ghc-9.12.4/kiroku-store-0.11.0.0/build/Kiroku/Store/Effect/Resource.dyn_o ) [Flags changed]
[17 of 31] Compiling Kiroku.Store.HistoryRetention.SQL ( src/Kiroku/Store/HistoryRetention/SQL.hs, /var/folders/fn/022xr90s5mz417hz7fllrhv80000gn/T/mp13-release-source-6jhizn0h/dist-newstyle/build/aarch64-osx/ghc-9.12.4/kiroku-store-0.11.0.0/build/Kiroku/Store/HistoryRetention/SQL.o, /var/folders/fn/022xr90s5mz417hz7fllrhv80000gn/T/mp13-release-source-6jhizn0h/dist-newstyle/build/aarch64-osx/ghc-9.12.4/kiroku-store-0.11.0.0/build/Kiroku/Store/HistoryRetention/SQL.dyn_o ) [Flags changed]
[18 of 31] Compiling Kiroku.Store.HistoryRetention.Internal ( src/Kiroku/Store/HistoryRetention/Internal.hs, /var/folders/fn/022xr90s5mz417hz7fllrhv80000gn/T/mp13-release-source-6jhizn0h/dist-newstyle/build/aarch64-osx/ghc-9.12.4/kiroku-store-0.11.0.0/build/Kiroku/Store/HistoryRetention/Internal.o, /var/folders/fn/022xr90s5mz417hz7fllrhv80000gn/T/mp13-release-source-6jhizn0h/dist-newstyle/build/aarch64-osx/ghc-9.12.4/kiroku-store-0.11.0.0/build/Kiroku/Store/HistoryRetention/Internal.dyn_o ) [Flags changed]
[19 of 31] Compiling Kiroku.Store.Error ( src/Kiroku/Store/Error.hs, /var/folders/fn/022xr90s5mz417hz7fllrhv80000gn/T/mp13-release-source-6jhizn0h/dist-newstyle/build/aarch64-osx/ghc-9.12.4/kiroku-store-0.11.0.0/build/Kiroku/Store/Error.o, /var/folders/fn/022xr90s5mz417hz7fllrhv80000gn/T/mp13-release-source-6jhizn0h/dist-newstyle/build/aarch64-osx/ghc-9.12.4/kiroku-store-0.11.0.0/build/Kiroku/Store/Error.dyn_o ) [Flags changed]
[20 of 31] Compiling Kiroku.Store.Effect ( src/Kiroku/Store/Effect.hs, /var/folders/fn/022xr90s5mz417hz7fllrhv80000gn/T/mp13-release-source-6jhizn0h/dist-newstyle/build/aarch64-osx/ghc-9.12.4/kiroku-store-0.11.0.0/build/Kiroku/Store/Effect.o, /var/folders/fn/022xr90s5mz417hz7fllrhv80000gn/T/mp13-release-source-6jhizn0h/dist-newstyle/build/aarch64-osx/ghc-9.12.4/kiroku-store-0.11.0.0/build/Kiroku/Store/Effect.dyn_o ) [Flags changed]
[21 of 31] Compiling Kiroku.Store.Transaction ( src/Kiroku/Store/Transaction.hs, /var/folders/fn/022xr90s5mz417hz7fllrhv80000gn/T/mp13-release-source-6jhizn0h/dist-newstyle/build/aarch64-osx/ghc-9.12.4/kiroku-store-0.11.0.0/build/Kiroku/Store/Transaction.o, /var/folders/fn/022xr90s5mz417hz7fllrhv80000gn/T/mp13-release-source-6jhizn0h/dist-newstyle/build/aarch64-osx/ghc-9.12.4/kiroku-store-0.11.0.0/build/Kiroku/Store/Transaction.dyn_o ) [Flags changed]
[22 of 31] Compiling Kiroku.Store.Subscription ( src/Kiroku/Store/Subscription.hs, /var/folders/fn/022xr90s5mz417hz7fllrhv80000gn/T/mp13-release-source-6jhizn0h/dist-newstyle/build/aarch64-osx/ghc-9.12.4/kiroku-store-0.11.0.0/build/Kiroku/Store/Subscription.o, /var/folders/fn/022xr90s5mz417hz7fllrhv80000gn/T/mp13-release-source-6jhizn0h/dist-newstyle/build/aarch64-osx/ghc-9.12.4/kiroku-store-0.11.0.0/build/Kiroku/Store/Subscription.dyn_o ) [Flags changed]
src/Kiroku/Store/Subscription.hs:272:51: warning: [GHC-63397] [-Wname-shadowing]
    This binding for ‘member’ shadows the existing binding
      imported from ‘Kiroku.Store.Subscription.Types’ at src/Kiroku/Store/Subscription.hs:38:1-38
      (and originally defined
         at src/Kiroku/Store/Subscription/Types.hs:619:1-6)
    |
272 | initializeSubscriptionCheckpoint subscriptionName member policy =
    |                                                   ^^^^^^

[23 of 31] Compiling Kiroku.Store.Subscription.Stream ( src/Kiroku/Store/Subscription/Stream.hs, /var/folders/fn/022xr90s5mz417hz7fllrhv80000gn/T/mp13-release-source-6jhizn0h/dist-newstyle/build/aarch64-osx/ghc-9.12.4/kiroku-store-0.11.0.0/build/Kiroku/Store/Subscription/Stream.o, /var/folders/fn/022xr90s5mz417hz7fllrhv80000gn/T/mp13-release-source-6jhizn0h/dist-newstyle/build/aarch64-osx/ghc-9.12.4/kiroku-store-0.11.0.0/build/Kiroku/Store/Subscription/Stream.dyn_o ) [Flags changed]
[24 of 31] Compiling Kiroku.Store.Subscription.Effect ( src/Kiroku/Store/Subscription/Effect.hs, /var/folders/fn/022xr90s5mz417hz7fllrhv80000gn/T/mp13-release-source-6jhizn0h/dist-newstyle/build/aarch64-osx/ghc-9.12.4/kiroku-store-0.11.0.0/build/Kiroku/Store/Subscription/Effect.o, /var/folders/fn/022xr90s5mz417hz7fllrhv80000gn/T/mp13-release-source-6jhizn0h/dist-newstyle/build/aarch64-osx/ghc-9.12.4/kiroku-store-0.11.0.0/build/Kiroku/Store/Subscription/Effect.dyn_o ) [Flags changed]
[25 of 31] Compiling Kiroku.Store.Read ( src/Kiroku/Store/Read.hs, /var/folders/fn/022xr90s5mz417hz7fllrhv80000gn/T/mp13-release-source-6jhizn0h/dist-newstyle/build/aarch64-osx/ghc-9.12.4/kiroku-store-0.11.0.0/build/Kiroku/Store/Read.o, /var/folders/fn/022xr90s5mz417hz7fllrhv80000gn/T/mp13-release-source-6jhizn0h/dist-newstyle/build/aarch64-osx/ghc-9.12.4/kiroku-store-0.11.0.0/build/Kiroku/Store/Read.dyn_o ) [Flags changed]
[26 of 31] Compiling Kiroku.Store.Link ( src/Kiroku/Store/Link.hs, /var/folders/fn/022xr90s5mz417hz7fllrhv80000gn/T/mp13-release-source-6jhizn0h/dist-newstyle/build/aarch64-osx/ghc-9.12.4/kiroku-store-0.11.0.0/build/Kiroku/Store/Link.o, /var/folders/fn/022xr90s5mz417hz7fllrhv80000gn/T/mp13-release-source-6jhizn0h/dist-newstyle/build/aarch64-osx/ghc-9.12.4/kiroku-store-0.11.0.0/build/Kiroku/Store/Link.dyn_o ) [Flags changed]
[27 of 31] Compiling Kiroku.Store.Lifecycle ( src/Kiroku/Store/Lifecycle.hs, /var/folders/fn/022xr90s5mz417hz7fllrhv80000gn/T/mp13-release-source-6jhizn0h/dist-newstyle/build/aarch64-osx/ghc-9.12.4/kiroku-store-0.11.0.0/build/Kiroku/Store/Lifecycle.o, /var/folders/fn/022xr90s5mz417hz7fllrhv80000gn/T/mp13-release-source-6jhizn0h/dist-newstyle/build/aarch64-osx/ghc-9.12.4/kiroku-store-0.11.0.0/build/Kiroku/Store/Lifecycle.dyn_o ) [Flags changed]
[28 of 31] Compiling Kiroku.Store.HistoryRetention ( src/Kiroku/Store/HistoryRetention.hs, /var/folders/fn/022xr90s5mz417hz7fllrhv80000gn/T/mp13-release-source-6jhizn0h/dist-newstyle/build/aarch64-osx/ghc-9.12.4/kiroku-store-0.11.0.0/build/Kiroku/Store/HistoryRetention.o, /var/folders/fn/022xr90s5mz417hz7fllrhv80000gn/T/mp13-release-source-6jhizn0h/dist-newstyle/build/aarch64-osx/ghc-9.12.4/kiroku-store-0.11.0.0/build/Kiroku/Store/HistoryRetention.dyn_o ) [Flags changed]
[29 of 31] Compiling Kiroku.Store.Causation ( src/Kiroku/Store/Causation.hs, /var/folders/fn/022xr90s5mz417hz7fllrhv80000gn/T/mp13-release-source-6jhizn0h/dist-newstyle/build/aarch64-osx/ghc-9.12.4/kiroku-store-0.11.0.0/build/Kiroku/Store/Causation.o, /var/folders/fn/022xr90s5mz417hz7fllrhv80000gn/T/mp13-release-source-6jhizn0h/dist-newstyle/build/aarch64-osx/ghc-9.12.4/kiroku-store-0.11.0.0/build/Kiroku/Store/Causation.dyn_o ) [Flags changed]
[30 of 31] Compiling Kiroku.Store.Append ( src/Kiroku/Store/Append.hs, /var/folders/fn/022xr90s5mz417hz7fllrhv80000gn/T/mp13-release-source-6jhizn0h/dist-newstyle/build/aarch64-osx/ghc-9.12.4/kiroku-store-0.11.0.0/build/Kiroku/Store/Append.o, /var/folders/fn/022xr90s5mz417hz7fllrhv80000gn/T/mp13-release-source-6jhizn0h/dist-newstyle/build/aarch64-osx/ghc-9.12.4/kiroku-store-0.11.0.0/build/Kiroku/Store/Append.dyn_o ) [Flags changed]
[31 of 31] Compiling Kiroku.Store     ( src/Kiroku/Store.hs, /var/folders/fn/022xr90s5mz417hz7fllrhv80000gn/T/mp13-release-source-6jhizn0h/dist-newstyle/build/aarch64-osx/ghc-9.12.4/kiroku-store-0.11.0.0/build/Kiroku/Store.o, /var/folders/fn/022xr90s5mz417hz7fllrhv80000gn/T/mp13-release-source-6jhizn0h/dist-newstyle/build/aarch64-osx/ghc-9.12.4/kiroku-store-0.11.0.0/build/Kiroku/Store.dyn_o ) [Flags changed]
Preprocessing library for kiroku-store-0.11.0.0...
Running Haddock on library for kiroku-store-0.11.0.0...
Warning: The following packages have no Haddock documentation installed. No
links will be generated to these packages: postgresql-libpq-configure-0.11,
attoparsec-0.14.4
[ 1 of 31] Compiling Kiroku.Store.Types ( src/Kiroku/Store/Types.hs, nothing ) [HIE file is missing]
[ 2 of 31] Compiling Kiroku.Store.Settings ( src/Kiroku/Store/Settings.hs, nothing ) [HIE file is missing]
[ 3 of 31] Compiling Kiroku.Store.Subscription.Fsm ( src/Kiroku/Store/Subscription/Fsm.hs, nothing ) [HIE file is missing]
[ 4 of 31] Compiling Kiroku.Store.Subscription.Types ( src/Kiroku/Store/Subscription/Types.hs, nothing ) [HIE file is missing]
[ 5 of 31] Compiling Kiroku.Store.Subscription.DeadLetter.SQL ( src/Kiroku/Store/Subscription/DeadLetter/SQL.hs, nothing ) [HIE file is missing]
[ 6 of 31] Compiling Kiroku.Store.Subscription.CheckpointInventory.SQL ( src/Kiroku/Store/Subscription/CheckpointInventory/SQL.hs, nothing ) [HIE file is missing]
[ 7 of 31] Compiling Kiroku.Store.SQL ( src/Kiroku/Store/SQL.hs, nothing ) [HIE file is missing]
[ 8 of 31] Compiling Kiroku.Store.Subscription.Checkpoint.SQL ( src/Kiroku/Store/Subscription/Checkpoint/SQL.hs, nothing ) [HIE file is missing]
[ 9 of 31] Compiling Kiroku.Store.Subscription.Checkpoint ( src/Kiroku/Store/Subscription/Checkpoint.hs, nothing ) [HIE file is missing]
[10 of 31] Compiling Kiroku.Store.HistoryRetention.Types ( src/Kiroku/Store/HistoryRetention/Types.hs, nothing ) [HIE file is missing]
[11 of 31] Compiling Kiroku.Store.Observability ( src/Kiroku/Store/Observability.hs, nothing ) [HIE file is missing]
[12 of 31] Compiling Kiroku.Store.Subscription.EventPublisher ( src/Kiroku/Store/Subscription/EventPublisher.hs, nothing ) [HIE file is missing]
[13 of 31] Compiling Kiroku.Store.Subscription.Worker ( src/Kiroku/Store/Subscription/Worker.hs, nothing ) [HIE file is missing]
[14 of 31] Compiling Kiroku.Store.Notification ( src/Kiroku/Store/Notification.hs, nothing ) [HIE file is missing]
[15 of 31] Compiling Kiroku.Store.Connection ( src/Kiroku/Store/Connection.hs, nothing ) [HIE file is missing]
[16 of 31] Compiling Kiroku.Store.Effect.Resource ( src/Kiroku/Store/Effect/Resource.hs, nothing ) [HIE file is missing]
[17 of 31] Compiling Kiroku.Store.HistoryRetention.SQL ( src/Kiroku/Store/HistoryRetention/SQL.hs, nothing ) [HIE file is missing]
[18 of 31] Compiling Kiroku.Store.HistoryRetention.Internal ( src/Kiroku/Store/HistoryRetention/Internal.hs, nothing ) [HIE file is missing]
[19 of 31] Compiling Kiroku.Store.Error ( src/Kiroku/Store/Error.hs, nothing ) [HIE file is missing]
[20 of 31] Compiling Kiroku.Store.Effect ( src/Kiroku/Store/Effect.hs, nothing ) [HIE file is missing]
[21 of 31] Compiling Kiroku.Store.Transaction ( src/Kiroku/Store/Transaction.hs, nothing ) [HIE file is missing]
[22 of 31] Compiling Kiroku.Store.Subscription ( src/Kiroku/Store/Subscription.hs, nothing ) [HIE file is missing]
src/Kiroku/Store/Subscription.hs:272:51: warning: [GHC-63397] [-Wname-shadowing]
    This binding for ‘member’ shadows the existing binding
      imported from ‘Kiroku.Store.Subscription.Types’ at src/Kiroku/Store/Subscription.hs:38:1-38
      (and originally defined
         at src/Kiroku/Store/Subscription/Types.hs:619:1-6)
    |
272 | initializeSubscriptionCheckpoint subscriptionName member policy =
    |                                                   ^^^^^^

[23 of 31] Compiling Kiroku.Store.Subscription.Stream ( src/Kiroku/Store/Subscription/Stream.hs, nothing ) [HIE file is missing]
[24 of 31] Compiling Kiroku.Store.Subscription.Effect ( src/Kiroku/Store/Subscription/Effect.hs, nothing ) [HIE file is missing]
[25 of 31] Compiling Kiroku.Store.Read ( src/Kiroku/Store/Read.hs, nothing ) [HIE file is missing]
[26 of 31] Compiling Kiroku.Store.Link ( src/Kiroku/Store/Link.hs, nothing ) [HIE file is missing]
[27 of 31] Compiling Kiroku.Store.Lifecycle ( src/Kiroku/Store/Lifecycle.hs, nothing ) [HIE file is missing]
[28 of 31] Compiling Kiroku.Store.HistoryRetention ( src/Kiroku/Store/HistoryRetention.hs, nothing ) [HIE file is missing]
[29 of 31] Compiling Kiroku.Store.Causation ( src/Kiroku/Store/Causation.hs, nothing ) [HIE file is missing]
[30 of 31] Compiling Kiroku.Store.Append ( src/Kiroku/Store/Append.hs, nothing ) [HIE file is missing]
[31 of 31] Compiling Kiroku.Store     ( src/Kiroku/Store.hs, nothing ) [HIE file is missing]
Haddock coverage:
Warning: 'CategoryName' is ambiguous. It is defined
    * at src/Kiroku/Store/Types.hs:288:24
    * at src/Kiroku/Store/Types.hs:288:1
    You may be able to disambiguate the identifier by qualifying it or
    by specifying the type/value namespace explicitly.
    Defaulting to the one defined at src/Kiroku/Store/Types.hs:288:1
Warning: 'appendToStream' is out of scope.
    If you qualify the identifier, haddock can try to link it anyway.
Warning: 'appendMultiStream' is out of scope.
    If you qualify the identifier, haddock can try to link it anyway.
Warning: 'readCategory' is out of scope.
    If you qualify the identifier, haddock can try to link it anyway.
Warning: 'EventData' is ambiguous. It is defined
    * at src/Kiroku/Store/Types.hs:148:18
    * at src/Kiroku/Store/Types.hs:148:1
    You may be able to disambiguate the identifier by qualifying it or
    by specifying the type/value namespace explicitly.
    Defaulting to the one defined at src/Kiroku/Store/Types.hs:148:1
Warning: 'RecordedEvent' is ambiguous. It is defined
    * at src/Kiroku/Store/Types.hs:220:22
    * at src/Kiroku/Store/Types.hs:220:1
    You may be able to disambiguate the identifier by qualifying it or
    by specifying the type/value namespace explicitly.
    Defaulting to the one defined at src/Kiroku/Store/Types.hs:220:1
Warning: 'GlobalPosition' is ambiguous. It is defined
    * at src/Kiroku/Store/Types.hs:101:26
    * at src/Kiroku/Store/Types.hs:101:1
    You may be able to disambiguate the identifier by qualifying it or
    by specifying the type/value namespace explicitly.
    Defaulting to the one defined at src/Kiroku/Store/Types.hs:101:1
Warning: 'linkToStream' is out of scope.
    If you qualify the identifier, haddock can try to link it anyway.
Warning: 'globalPosition' is ambiguous. It is defined
    * at src/Kiroku/Store/Types.hs:261:7
    * at src/Kiroku/Store/Types.hs:230:7
    You may be able to disambiguate the identifier by qualifying it or
    by specifying the type/value namespace explicitly.
    Defaulting to the one defined at src/Kiroku/Store/Types.hs:230:7
Warning: 'StreamName' is ambiguous. It is defined
    * at src/Kiroku/Store/Types.hs:47:22
    * at src/Kiroku/Store/Types.hs:47:1
    You may be able to disambiguate the identifier by qualifying it or
    by specifying the type/value namespace explicitly.
    Defaulting to the one defined at src/Kiroku/Store/Types.hs:47:1
Warning: 'hardDeleteStream' is out of scope.
    If you qualify the identifier, haddock can try to link it anyway.
Warning: 'getStream' is out of scope.
    If you qualify the identifier, haddock can try to link it anyway.
Warning: 'id' is ambiguous. It is defined
    * in ‘GHC.Internal.Base’
    * at src/Kiroku/Store/Types.hs:184:7
    You may be able to disambiguate the identifier by qualifying it or
    by specifying the type/value namespace explicitly.
    Defaulting to the one defined at src/Kiroku/Store/Types.hs:184:7
Warning: 'DuplicateRecordFields' is out of scope.
    If you qualify the identifier, haddock can try to link it anyway.
Warning: 'readStreamBackward' is out of scope.
    If you qualify the identifier, haddock can try to link it anyway.
  80% ( 17 / 21) in 'Kiroku.Store.Types'
  Missing documentation for:
    Module header
    BrowsePageSizeError (src/Kiroku/Store/Types.hs:351)
    mkBrowsePageSize (src/Kiroku/Store/Types.hs:355)
    browsePageSizeValue (src/Kiroku/Store/Types.hs:360)
Warning: 'StoreSettings' is ambiguous. It is defined
    * at src/Kiroku/Store/Settings.hs:121:22
    * at src/Kiroku/Store/Settings.hs:121:1
    You may be able to disambiguate the identifier by qualifying it or
    by specifying the type/value namespace explicitly.
    Defaulting to the one defined at src/Kiroku/Store/Settings.hs:121:1
Warning: 'runStorePool' is out of scope.
    If you qualify the identifier, haddock can try to link it anyway.
  69% (  9 / 13) in 'Kiroku.Store.Settings'
  Missing documentation for:
    decodedEventRecorded (src/Kiroku/Store/Settings.hs:86)
    decodedBatchLength (src/Kiroku/Store/Settings.hs:91)
    decodedBatchLastEvent (src/Kiroku/Store/Settings.hs:96)
    filterDecodedBatch (src/Kiroku/Store/Settings.hs:101)
Warning: 'GlobalPosition' is ambiguous. It is defined
    * at src/Kiroku/Store/Types.hs:101:26
    * at src/Kiroku/Store/Types.hs:101:1
    You may be able to disambiguate the identifier by qualifying it or
    by specifying the type/value namespace explicitly.
    Defaulting to the one defined at src/Kiroku/Store/Types.hs:101:1
Warning: 'Stop' is out of scope.
    If you qualify the identifier, haddock can try to link it anyway.
Warning: 'PauseAndResume' is out of scope.
    If you qualify the identifier, haddock can try to link it anyway.
Warning: 'DropSubscription' is out of scope.
    If you qualify the identifier, haddock can try to link it anyway.
 100% ( 19 / 19) in 'Kiroku.Store.Subscription.Fsm'
Warning: 'RetryDelay' is ambiguous. It is defined
    * at src/Kiroku/Store/Subscription/Fsm.hs:106:22
    * at src/Kiroku/Store/Subscription/Fsm.hs:106:1
    You may be able to disambiguate the identifier by qualifying it or
    by specifying the type/value namespace explicitly.
    Defaulting to the one defined at src/Kiroku/Store/Subscription/Fsm.hs:106:1
Warning: 'RetryPolicy' is ambiguous. It is defined
    * at src/Kiroku/Store/Subscription/Types.hs:352:23
    * at src/Kiroku/Store/Subscription/Types.hs:352:1
    You may be able to disambiguate the identifier by qualifying it or
    by specifying the type/value namespace explicitly.
    Defaulting to the one defined at src/Kiroku/Store/Subscription/Types.hs:352:1
Warning: 'SubscriptionConfig' is ambiguous. It is defined
    * at src/Kiroku/Store/Subscription/Types.hs:431:30
    * at src/Kiroku/Store/Subscription/Types.hs:526:1
    You may be able to disambiguate the identifier by qualifying it or
    by specifying the type/value namespace explicitly.
    Defaulting to the one defined at src/Kiroku/Store/Subscription/Types.hs:526:1
Warning: 'RecordedEvent' is ambiguous. It is defined
    * at src/Kiroku/Store/Types.hs:220:22
    * at src/Kiroku/Store/Types.hs:220:1
    You may be able to disambiguate the identifier by qualifying it or
    by specifying the type/value namespace explicitly.
    Defaulting to the one defined at src/Kiroku/Store/Types.hs:220:1
Warning: 'SubscriptionName' is ambiguous. It is defined
    * at src/Kiroku/Store/Subscription/Types.hs:182:28
    * at src/Kiroku/Store/Subscription/Types.hs:182:1
    You may be able to disambiguate the identifier by qualifying it or
    by specifying the type/value namespace explicitly.
    Defaulting to the one defined at src/Kiroku/Store/Subscription/Types.hs:182:1
Warning: 'SubscriptionOverflowed' is ambiguous. It is defined
    * at src/Kiroku/Store/Subscription/Types.hs:408:34
    * at src/Kiroku/Store/Subscription/Types.hs:408:1
    You may be able to disambiguate the identifier by qualifying it or
    by specifying the type/value namespace explicitly.
    Defaulting to the one defined at src/Kiroku/Store/Subscription/Types.hs:408:1
Warning: 'subscriptionName' is ambiguous. It is defined
    * at src/Kiroku/Store/Subscription/Types.hs:238:7
    * at src/Kiroku/Store/Subscription/Types.hs:201:7
    * at src/Kiroku/Store/Subscription/Types.hs:258:7
    * at src/Kiroku/Store/Subscription/Types.hs:301:7
    * at src/Kiroku/Store/Subscription/Types.hs:409:7
    You may be able to disambiguate the identifier by qualifying it or
    by specifying the type/value namespace explicitly.
    Defaulting to the one defined at src/Kiroku/Store/Subscription/Types.hs:409:7
Warning: 'consumerGroupMember' is ambiguous. It is defined
    * at src/Kiroku/Store/Subscription/Types.hs:239:7
    * at src/Kiroku/Store/Subscription/Types.hs:202:7
    * at src/Kiroku/Store/Subscription/Types.hs:259:7
    * at src/Kiroku/Store/Subscription/Types.hs:302:7
    You may be able to disambiguate the identifier by qualifying it or
    by specifying the type/value namespace explicitly.
    Defaulting to the one defined at src/Kiroku/Store/Subscription/Types.hs:302:7
  76% ( 50 / 65) in 'Kiroku.Store.Subscription.Types'
  Missing documentation for:
    subscriptionDeadLetterCursor (src/Kiroku/Store/Subscription/Types.hs:279)
    SubscriptionDeadLetterLimitOutOfRange (src/Kiroku/Store/Subscription/Types.hs:288)
    mkSubscriptionDeadLetterLimit (src/Kiroku/Store/Subscription/Types.hs:291)
    subscriptionDeadLetterLimitValue (src/Kiroku/Store/Subscription/Types.hs:295)
    defaultSubscriptionDeadLetterLimit (src/Kiroku/Store/Subscription/Types.hs:297)
    defaultSubscriptionDeadLetterQuery (src/Kiroku/Store/Subscription/Types.hs:309)
    mkBatchSize (src/Kiroku/Store/Subscription/Types.hs:714)
    batchSizeValue (src/Kiroku/Store/Subscription/Types.hs:719)
    defaultBatchSize (src/Kiroku/Store/Subscription/Types.hs:722)
    InvalidBatchSize (src/Kiroku/Store/Subscription/Types.hs:710)
    member (src/Kiroku/Store/Subscription/Types.hs:619)
    size (src/Kiroku/Store/Subscription/Types.hs:622)
    consumerGroupSizeValue (src/Kiroku/Store/Subscription/Types.hs:607)
    mkConsumerGroupSize (src/Kiroku/Store/Subscription/Types.hs:610)
    mkConsumerGroup (src/Kiroku/Store/Subscription/Types.hs:625)
  81% ( 56 / 69) in 'Kiroku.Store.SQL'
  Missing documentation for:
    Module header
    readCategoryEncoder (src/Kiroku/Store/SQL.hs:835)
    StreamRangeBound (src/Kiroku/Store/SQL.hs:1437)
    listStreamsRangeStmt (src/Kiroku/Store/SQL.hs:1462)
    listStreamsPairStmt (src/Kiroku/Store/SQL.hs:1469)
    listCategoriesStmt (src/Kiroku/Store/SQL.hs:1530)
    getEventStmt (src/Kiroku/Store/SQL.hs:1546)
    readCategoryConsumerGroupEncoder (src/Kiroku/Store/SQL.hs:887)
    saveCategoryCheckpointMemberStmt (src/Kiroku/Store/SQL.hs:1297)
    listSubscriptionDeadLettersStmt (src/Kiroku/Store/Subscription/DeadLetter/SQL.hs:55)
    listSubscriptionDeadLettersFromStartStmt (src/Kiroku/Store/Subscription/DeadLetter/SQL.hs:27)
    listSubscriptionMemberDeadLettersStmt (src/Kiroku/Store/Subscription/DeadLetter/SQL.hs:96)
    listSubscriptionMemberDeadLettersFromStartStmt (src/Kiroku/Store/Subscription/DeadLetter/SQL.hs:83)
 100% (  7 /  7) in 'Kiroku.Store.Subscription.Checkpoint'
  18% (  5 / 27) in 'Kiroku.Store.HistoryRetention.Types'
  Missing documentation for:
    Module header
    HistoryRetentionLeaseRequest (src/Kiroku/Store/HistoryRetention/Types.hs:55)
    HistoryRetentionLeaseHandle (src/Kiroku/Store/HistoryRetention/Types.hs:62)
    HistoryRetentionLeaseState (src/Kiroku/Store/HistoryRetention/Types.hs:68)
    HistoryRetentionLease (src/Kiroku/Store/HistoryRetention/Types.hs:74)
    HistoryRetentionRenewalError (src/Kiroku/Store/HistoryRetention/Types.hs:87)
    HistoryRetentionReleaseResult (src/Kiroku/Store/HistoryRetention/Types.hs:94)
    HistoryRetentionConflict (src/Kiroku/Store/HistoryRetention/Types.hs:102)
    HistoryRetentionInventoryQuery (src/Kiroku/Store/HistoryRetention/Types.hs:112)
    HistoryRetentionPruneResult (src/Kiroku/Store/HistoryRetention/Types.hs:117)
    HistoryRetentionRequestError (src/Kiroku/Store/HistoryRetention/Types.hs:123)
    HistoryRetentionInventoryError (src/Kiroku/Store/HistoryRetention/Types.hs:131)
    StreamHistoryUnavailable (src/Kiroku/Store/HistoryRetention/Types.hs:135)
    mkHistoryRetentionLeaseOwner (src/Kiroku/Store/HistoryRetention/Types.hs:141)
    mkHistoryRetentionLeaseReason (src/Kiroku/Store/HistoryRetention/Types.hs:149)
    mkHistoryRetentionLeaseDuration (src/Kiroku/Store/HistoryRetention/Types.hs:157)
    mkHistoryRetentionInventoryLimit (src/Kiroku/Store/HistoryRetention/Types.hs:163)
    historyRetentionLeaseOwnerText (src/Kiroku/Store/HistoryRetention/Types.hs:168)
    historyRetentionLeaseReasonText (src/Kiroku/Store/HistoryRetention/Types.hs:171)
    historyRetentionLeaseDurationValue (src/Kiroku/Store/HistoryRetention/Types.hs:174)
    historyRetentionInventoryLimitValue (src/Kiroku/Store/HistoryRetention/Types.hs:177)
    maxHistoryRetentionLeaseDuration (src/Kiroku/Store/HistoryRetention/Types.hs:180)
Warning: 'ExistingCheckpoint' is out of scope.
    If you qualify the identifier, haddock can try to link it anyway.
Warning: 'InitializedCheckpoint' is out of scope.
    If you qualify the identifier, haddock can try to link it anyway.
Warning: 'Stop' is out of scope.
    If you qualify the identifier, haddock can try to link it anyway.
Warning: 'SubscriptionState' is out of scope.
    If you qualify the identifier, haddock can try to link it anyway.
Warning: 'CatchingUp' is out of scope.
    If you qualify the identifier, haddock can try to link it anyway.
Warning: 'Live' is out of scope.
    If you qualify the identifier, haddock can try to link it anyway.
 100% (  8 /  8) in 'Kiroku.Store.Observability'
Warning: 'EventPublisher' is ambiguous. It is defined
    * at src/Kiroku/Store/Subscription/EventPublisher.hs:80:23
    * at src/Kiroku/Store/Subscription/EventPublisher.hs:80:1
    You may be able to disambiguate the identifier by qualifying it or
    by specifying the type/value namespace explicitly.
    Defaulting to the one defined at src/Kiroku/Store/Subscription/EventPublisher.hs:80:1
Warning: 'Subscriber' is ambiguous. It is defined
    * at src/Kiroku/Store/Subscription/EventPublisher.hs:95:19
    * at src/Kiroku/Store/Subscription/EventPublisher.hs:95:1
    You may be able to disambiguate the identifier by qualifying it or
    by specifying the type/value namespace explicitly.
    Defaulting to the one defined at src/Kiroku/Store/Subscription/EventPublisher.hs:95:1
Warning: 'eventHandler' is out of scope.
    If you qualify the identifier, haddock can try to link it anyway.
Warning: 'SubscriptionOverflowed' is out of scope.
    If you qualify the identifier, haddock can try to link it anyway.
 100% ( 10 / 10) in 'Kiroku.Store.Subscription.EventPublisher'
Warning: 'eventHandler' is out of scope.
    If you qualify the identifier, haddock can try to link it anyway.
Warning: 'subscribe' is out of scope.
    If you qualify the identifier, haddock can try to link it anyway.
  85% (  6 /  7) in 'Kiroku.Store.Subscription.Worker'
  Missing documentation for:
    configMember (src/Kiroku/Store/Subscription/Worker.hs:552)
Warning: 'eventHandler' is out of scope.
    If you qualify the identifier, haddock can try to link it anyway.
Warning: 'dupTChan' is out of scope.
    If you qualify the identifier, haddock can try to link it anyway.
  80% (  4 /  5) in 'Kiroku.Store.Notification'
  Missing documentation for:
    Module header
Warning: 'ReaderT' is out of scope.
    If you qualify the identifier, haddock can try to link it anyway.
Warning: 'TBQueue' is out of scope.
    If you qualify the identifier, haddock can try to link it anyway.
Warning: 'schema' is ambiguous. It is defined
    * at src/Kiroku/Store/Connection.hs:45:7
    * at src/Kiroku/Store/Connection.hs:144:7
    You may be able to disambiguate the identifier by qualifying it or
    by specifying the type/value namespace explicitly.
    Defaulting to the one defined at src/Kiroku/Store/Connection.hs:144:7
Warning: 'KirokuStore' is ambiguous. It is defined
    * at src/Kiroku/Store/Connection.hs:142:20
    * at src/Kiroku/Store/Connection.hs:142:1
    You may be able to disambiguate the identifier by qualifying it or
    by specifying the type/value namespace explicitly.
    Defaulting to the one defined at src/Kiroku/Store/Connection.hs:142:1
Warning: 's' is out of scope.
    If you qualify the identifier, haddock can try to link it anyway.
Warning: 'EventData' is out of scope.
    If you qualify the identifier, haddock can try to link it anyway.
Warning: 'RecordedEvent' is out of scope.
    If you qualify the identifier, haddock can try to link it anyway.
Warning: 'stateVar' is out of scope.
    If you qualify the identifier, haddock can try to link it anyway.
Warning: 'currentState' is out of scope.
    If you qualify the identifier, haddock can try to link it anyway.
  83% (  5 /  6) in 'Kiroku.Store.Connection'
  Missing documentation for:
    Module header
Warning: 'KirokuStoreResource' is ambiguous. It is defined
    * at src/Kiroku/Store/Effect/Resource.hs:41:50
    * at src/Kiroku/Store/Effect/Resource.hs:37:1
    You may be able to disambiguate the identifier by qualifying it or
    by specifying the type/value namespace explicitly.
    Defaulting to the one defined at src/Kiroku/Store/Effect/Resource.hs:37:1
  88% (  8 /  9) in 'Kiroku.Store.Effect.Resource'
  Missing documentation for:
    Module header
Warning: 'appendMultiStream' is out of scope.
    If you qualify the identifier, haddock can try to link it anyway.
Warning: 'AppendResult' is ambiguous. It is defined
    * at src/Kiroku/Store/Types.hs:252:21
    * at src/Kiroku/Store/Types.hs:252:1
    You may be able to disambiguate the identifier by qualifying it or
    by specifying the type/value namespace explicitly.
    Defaulting to the one defined at src/Kiroku/Store/Types.hs:252:1
Warning: 'StreamVersion' is ambiguous. It is defined
    * at src/Kiroku/Store/Types.hs:86:25
    * at src/Kiroku/Store/Types.hs:86:1
    You may be able to disambiguate the identifier by qualifying it or
    by specifying the type/value namespace explicitly.
    Defaulting to the one defined at src/Kiroku/Store/Types.hs:86:1
Warning: 'throwIO' is out of scope.
    If you qualify the identifier, haddock can try to link it anyway.
Warning: 'MonadIO' is out of scope.
    If you qualify the identifier, haddock can try to link it anyway.
Warning: 'SomeException' is out of scope.
    If you qualify the identifier, haddock can try to link it anyway.
Warning: 'linkToStream' is out of scope.
    If you qualify the identifier, haddock can try to link it anyway.
  93% ( 15 / 16) in 'Kiroku.Store.Error'
  Missing documentation for:
    Module header
Warning: 'RecordedEvent' is ambiguous. It is defined
    * at src/Kiroku/Store/Types.hs:220:22
    * at src/Kiroku/Store/Types.hs:220:1
    You may be able to disambiguate the identifier by qualifying it or
    by specifying the type/value namespace explicitly.
    Defaulting to the one defined at src/Kiroku/Store/Types.hs:220:1
Warning: 'StreamName' is ambiguous. It is defined
    * at src/Kiroku/Store/Types.hs:47:22
    * at src/Kiroku/Store/Types.hs:47:1
    You may be able to disambiguate the identifier by qualifying it or
    by specifying the type/value namespace explicitly.
    Defaulting to the one defined at src/Kiroku/Store/Types.hs:47:1
Warning: 'StreamId' is ambiguous. It is defined
    * at src/Kiroku/Store/Types.hs:55:20
    * at src/Kiroku/Store/Types.hs:55:1
    You may be able to disambiguate the identifier by qualifying it or
    by specifying the type/value namespace explicitly.
    Defaulting to the one defined at src/Kiroku/Store/Types.hs:55:1
Warning: 'StreamInfo' is ambiguous. It is defined
    * at src/Kiroku/Store/Types.hs:183:19
    * at src/Kiroku/Store/Types.hs:183:1
    You may be able to disambiguate the identifier by qualifying it or
    by specifying the type/value namespace explicitly.
    Defaulting to the one defined at src/Kiroku/Store/Types.hs:183:1
Warning: 'BEGIN' is out of scope.
    If you qualify the identifier, haddock can try to link it anyway.
Warning: 'COMMIT' is out of scope.
    If you qualify the identifier, haddock can try to link it anyway.
Warning: 'appendMultiStream' is out of scope.
    If you qualify the identifier, haddock can try to link it anyway.
  92% ( 12 / 13) in 'Kiroku.Store.Effect'
  Missing documentation for:
    Module header
Warning: 'EventData' is ambiguous. It is defined
    * at src/Kiroku/Store/Types.hs:148:18
    * at src/Kiroku/Store/Types.hs:148:1
    You may be able to disambiguate the identifier by qualifying it or
    by specifying the type/value namespace explicitly.
    Defaulting to the one defined at src/Kiroku/Store/Types.hs:148:1
Warning: 'eventId' is ambiguous. It is defined
    * at src/Kiroku/Store/Types.hs:149:7
    * at src/Kiroku/Store/Types.hs:221:7
    You may be able to disambiguate the identifier by qualifying it or
    by specifying the type/value namespace explicitly.
    Defaulting to the one defined at src/Kiroku/Store/Types.hs:221:7
Warning: 'BEGIN' is out of scope.
    If you qualify the identifier, haddock can try to link it anyway.
Warning: 'COMMIT' is out of scope.
    If you qualify the identifier, haddock can try to link it anyway.
Warning: 'AppendResult' is ambiguous. It is defined
    * at src/Kiroku/Store/Types.hs:252:21
    * at src/Kiroku/Store/Types.hs:252:1
    You may be able to disambiguate the identifier by qualifying it or
    by specifying the type/value namespace explicitly.
    Defaulting to the one defined at src/Kiroku/Store/Types.hs:252:1
Warning: 'StoreSettings' is out of scope.
    If you qualify the identifier, haddock can try to link it anyway.
Warning: 'appendToStream' is out of scope.
    If you qualify the identifier, haddock can try to link it anyway.
 100% ( 18 / 18) in 'Kiroku.Store.Transaction'
Warning: 'SubscriptionCheckpointMissing' is ambiguous. It is defined
    * at src/Kiroku/Store/Subscription/Types.hs:225:41
    * at src/Kiroku/Store/Subscription/Types.hs:225:1
    You may be able to disambiguate the identifier by qualifying it or
    by specifying the type/value namespace explicitly.
    Defaulting to the one defined at src/Kiroku/Store/Subscription/Types.hs:225:1
Warning: 'SubscriptionHandle' is ambiguous. It is defined
    * at src/Kiroku/Store/Subscription/Types.hs:571:30
    * at src/Kiroku/Store/Subscription/Types.hs:600:1
    You may be able to disambiguate the identifier by qualifying it or
    by specifying the type/value namespace explicitly.
    Defaulting to the one defined at src/Kiroku/Store/Subscription/Types.hs:600:1
Warning: 'subscriptionStream' is out of scope.
    If you qualify the identifier, haddock can try to link it anyway.
Warning: 'saveCheckpoint' is out of scope.
    If you qualify the identifier, haddock can try to link it anyway.
Warning: 'DecodeFailure' is out of scope.
    If you qualify the identifier, haddock can try to link it anyway.
Warning: 'consumerGroupMember' is ambiguous. It is defined
    * at src/Kiroku/Store/Subscription/Types.hs:239:7
    * at src/Kiroku/Store/Subscription/Types.hs:202:7
    * at src/Kiroku/Store/Subscription/Types.hs:259:7
    * at src/Kiroku/Store/Subscription/Types.hs:302:7
    You may be able to disambiguate the identifier by qualifying it or
    by specifying the type/value namespace explicitly.
    Defaulting to the one defined at src/Kiroku/Store/Subscription/Types.hs:302:7
Warning: 'SubscriptionStateView' is ambiguous. It is defined
    * at src/Kiroku/Store/Subscription.hs:292:30
    * at src/Kiroku/Store/Subscription.hs:292:1
    You may be able to disambiguate the identifier by qualifying it or
    by specifying the type/value namespace explicitly.
    Defaulting to the one defined at src/Kiroku/Store/Subscription.hs:292:1
Warning: 'subscriptionName' is ambiguous. It is defined
    * at src/Kiroku/Store/Subscription.hs:293:7
    * at src/Kiroku/Store/Subscription/Types.hs:238:7
    * at src/Kiroku/Store/Subscription/Types.hs:201:7
    * at src/Kiroku/Store/Subscription/Types.hs:258:7
    * at src/Kiroku/Store/Subscription/Types.hs:301:7
    * at src/Kiroku/Store/Subscription/Types.hs:409:7
    You may be able to disambiguate the identifier by qualifying it or
    by specifying the type/value namespace explicitly.
    Defaulting to the one defined at src/Kiroku/Store/Subscription/Types.hs:409:7
Warning: 'member' is ambiguous. It is defined
    * at src/Kiroku/Store/Subscription.hs:294:7
    * at src/Kiroku/Store/Subscription/Types.hs:619:1
    You may be able to disambiguate the identifier by qualifying it or
    by specifying the type/value namespace explicitly.
    Defaulting to the one defined at src/Kiroku/Store/Subscription/Types.hs:619:1
Warning: 'cursor' is ambiguous. It is defined
    * at src/Kiroku/Store/Subscription.hs:297:7
    * at src/Kiroku/Store/Subscription/Fsm.hs:191:19
    You may be able to disambiguate the identifier by qualifying it or
    by specifying the type/value namespace explicitly.
    Defaulting to the one defined at src/Kiroku/Store/Subscription/Fsm.hs:191:19
  91% ( 11 / 12) in 'Kiroku.Store.Subscription'
  Missing documentation for:
    Module header
Warning: 'AckItem' is ambiguous. It is defined
    * at src/Kiroku/Store/Subscription/Stream.hs:85:16
    * at src/Kiroku/Store/Subscription/Stream.hs:85:1
    You may be able to disambiguate the identifier by qualifying it or
    by specifying the type/value namespace explicitly.
    Defaulting to the one defined at src/Kiroku/Store/Subscription/Stream.hs:85:1
Warning: 'SubscriptionConfig' is ambiguous. It is defined
    * at src/Kiroku/Store/Subscription/Types.hs:431:30
    * at src/Kiroku/Store/Subscription/Types.hs:526:1
    You may be able to disambiguate the identifier by qualifying it or
    by specifying the type/value namespace explicitly.
    Defaulting to the one defined at src/Kiroku/Store/Subscription/Types.hs:526:1
Warning: 'TBQueue' is out of scope.
    If you qualify the identifier, haddock can try to link it anyway.
Warning: 'RecordedEvent' is ambiguous. It is defined
    * at src/Kiroku/Store/Types.hs:220:22
    * at src/Kiroku/Store/Types.hs:220:1
    You may be able to disambiguate the identifier by qualifying it or
    by specifying the type/value namespace explicitly.
    Defaulting to the one defined at src/Kiroku/Store/Types.hs:220:1
  72% (  8 / 11) in 'Kiroku.Store.Subscription.Stream'
  Missing documentation for:
    mkStreamBufferSize (src/Kiroku/Store/Subscription/Stream.hs:110)
    streamBufferSizeValue (src/Kiroku/Store/Subscription/Stream.hs:115)
    defaultStreamBufferSize (src/Kiroku/Store/Subscription/Stream.hs:118)
Warning: 'SubscriptionHandle' is ambiguous. It is defined
    * at src/Kiroku/Store/Subscription/Types.hs:571:30
    * at src/Kiroku/Store/Subscription/Types.hs:600:1
    You may be able to disambiguate the identifier by qualifying it or
    by specifying the type/value namespace explicitly.
    Defaulting to the one defined at src/Kiroku/Store/Subscription/Types.hs:600:1
  88% (  8 /  9) in 'Kiroku.Store.Subscription.Effect'
  Missing documentation for:
    Module header
Warning: 'StreamId' is ambiguous. It is defined
    * at src/Kiroku/Store/Types.hs:55:20
    * at src/Kiroku/Store/Types.hs:55:1
    You may be able to disambiguate the identifier by qualifying it or
    by specifying the type/value namespace explicitly.
    Defaulting to the one defined at src/Kiroku/Store/Types.hs:55:1
Warning: 'StreamInfo' is ambiguous. It is defined
    * at src/Kiroku/Store/Types.hs:183:19
    * at src/Kiroku/Store/Types.hs:183:1
    You may be able to disambiguate the identifier by qualifying it or
    by specifying the type/value namespace explicitly.
    Defaulting to the one defined at src/Kiroku/Store/Types.hs:183:1
Warning: 'StreamName' is ambiguous. It is defined
    * at src/Kiroku/Store/Types.hs:47:22
    * at src/Kiroku/Store/Types.hs:47:1
    You may be able to disambiguate the identifier by qualifying it or
    by specifying the type/value namespace explicitly.
    Defaulting to the one defined at src/Kiroku/Store/Types.hs:47:1
Warning: 'RecordedEvent' is ambiguous. It is defined
    * at src/Kiroku/Store/Types.hs:220:22
    * at src/Kiroku/Store/Types.hs:220:1
    You may be able to disambiguate the identifier by qualifying it or
    by specifying the type/value namespace explicitly.
    Defaulting to the one defined at src/Kiroku/Store/Types.hs:220:1
Warning: '!?' is out of scope.
    If you qualify the identifier, haddock can try to link it anyway.
Warning: 'GlobalPosition' is ambiguous. It is defined
    * at src/Kiroku/Store/Types.hs:101:26
    * at src/Kiroku/Store/Types.hs:101:1
    You may be able to disambiguate the identifier by qualifying it or
    by specifying the type/value namespace explicitly.
    Defaulting to the one defined at src/Kiroku/Store/Types.hs:101:1
Warning: 'CategoryName' is ambiguous. It is defined
    * at src/Kiroku/Store/Types.hs:288:24
    * at src/Kiroku/Store/Types.hs:288:1
    You may be able to disambiguate the identifier by qualifying it or
    by specifying the type/value namespace explicitly.
    Defaulting to the one defined at src/Kiroku/Store/Types.hs:288:1
Warning: 'StreamVersion' is ambiguous. It is defined
    * at src/Kiroku/Store/Types.hs:86:25
    * at src/Kiroku/Store/Types.hs:86:1
    You may be able to disambiguate the identifier by qualifying it or
    by specifying the type/value namespace explicitly.
    Defaulting to the one defined at src/Kiroku/Store/Types.hs:86:1
  93% ( 15 / 16) in 'Kiroku.Store.Read'
  Missing documentation for:
    Module header
  50% (  1 /  2) in 'Kiroku.Store.Link'
  Missing documentation for:
    Module header
Warning: 'stream_events' is out of scope.
    If you qualify the identifier, haddock can try to link it anyway.
Warning: 'events' is out of scope.
    If you qualify the identifier, haddock can try to link it anyway.
Warning: 'readStreamBackward' is out of scope.
    If you qualify the identifier, haddock can try to link it anyway.
  83% (  5 /  6) in 'Kiroku.Store.Lifecycle'
  Missing documentation for:
    Module header
 100% ( 14 / 14) in 'Kiroku.Store.HistoryRetention'
 100% (  4 /  4) in 'Kiroku.Store.Causation'
Warning: 'AppendResult' is ambiguous. It is defined
    * at src/Kiroku/Store/Types.hs:252:21
    * at src/Kiroku/Store/Types.hs:252:1
    You may be able to disambiguate the identifier by qualifying it or
    by specifying the type/value namespace explicitly.
    Defaulting to the one defined at src/Kiroku/Store/Types.hs:252:1
Warning: 'BEGIN' is out of scope.
    If you qualify the identifier, haddock can try to link it anyway.
Warning: 'COMMIT' is out of scope.
    If you qualify the identifier, haddock can try to link it anyway.
Warning: 'eventId' is ambiguous. It is defined
    * at src/Kiroku/Store/Types.hs:149:7
    * at src/Kiroku/Store/Types.hs:221:7
    You may be able to disambiguate the identifier by qualifying it or
    by specifying the type/value namespace explicitly.
    Defaulting to the one defined at src/Kiroku/Store/Types.hs:221:7
  66% (  2 /  3) in 'Kiroku.Store.Append'
  Missing documentation for:
    Module header
  97% ( 34 / 35) in 'Kiroku.Store'
  Missing documentation for:
    ConnectionReadyForUseReason
Warning: Kiroku.Store.Types: could not find link destinations for: 
	- Kiroku.Store.Types.Rep_AppendResult
	- Kiroku.Store.Types.Rep_CategoryName
	- Kiroku.Store.Types.Rep_EventData
	- Kiroku.Store.Types.Rep_EventFilter
	- Kiroku.Store.Types.Rep_EventId
	- Kiroku.Store.Types.Rep_EventType
	- Kiroku.Store.Types.Rep_ExpectedVersion
	- Kiroku.Store.Types.Rep_GlobalPosition
	- Kiroku.Store.Types.Rep_LinkResult
	- Kiroku.Store.Types.Rep_RecordedEvent
	- Kiroku.Store.Types.Rep_StreamId
	- Kiroku.Store.Types.Rep_StreamInfo
	- Kiroku.Store.Types.Rep_StreamName
	- Kiroku.Store.Types.Rep_StreamVersion
Warning: Kiroku.Store.Settings: could not find link destinations for: 
	- Kiroku.Store.Settings.Rep_DecodeFailure
	- Kiroku.Store.Settings.Rep_StoreSettings
Warning: Kiroku.Store.Subscription.Types: could not find link destinations for: 
	- Kiroku.Store.Subscription.Types.Rep_CheckpointInitialization
	- Kiroku.Store.Subscription.Types.Rep_MissingCheckpointPolicy
	- Kiroku.Store.Subscription.Types.Rep_SubscriptionCheckpointInventory
	- Kiroku.Store.Subscription.Types.Rep_SubscriptionCheckpointKey
	- Kiroku.Store.Subscription.Types.Rep_SubscriptionCheckpointMissing
	- Kiroku.Store.Subscription.Types.Rep_SubscriptionCheckpoint
	- Kiroku.Store.Subscription.Types.Rep_SubscriptionDeadLetterCursor
	- Kiroku.Store.Subscription.Types.Rep_SubscriptionDeadLetterPage
	- Kiroku.Store.Subscription.Types.Rep_SubscriptionDeadLetterQuery
	- Kiroku.Store.Subscription.Types.Rep_SubscriptionDeadLetter
Warning: Kiroku.Store.SQL: could not find link destinations for: 
	- Kiroku.Store.SQL.Rep_AppendParams
	- Kiroku.Store.SQL.Rep_DeadLetterParams
	- Kiroku.Store.SQL.Rep_DeadLetterRecord
Warning: Kiroku.Store.Subscription.Checkpoint: could not find link destinations for: 
	- Kiroku.Store.Subscription.Checkpoint.Rep_ConsumerGroupResizeReport
	- Kiroku.Store.Subscription.Checkpoint.Rep_SubscriptionCheckpointResetReport
Warning: Kiroku.Store.HistoryRetention.Types: could not find link destinations for: 
	- Kiroku.Store.HistoryRetention.Types.Rep_HistoryRetentionConflict
	- Kiroku.Store.HistoryRetention.Types.Rep_HistoryRetentionInventoryError
	- Kiroku.Store.HistoryRetention.Types.Rep_HistoryRetentionInventoryLimit
	- Kiroku.Store.HistoryRetention.Types.Rep_HistoryRetentionInventoryQuery
	- Kiroku.Store.HistoryRetention.Types.Rep_HistoryRetentionLeaseDuration
	- Kiroku.Store.HistoryRetention.Types.Rep_HistoryRetentionLeaseHandle
	- Kiroku.Store.HistoryRetention.Types.Rep_HistoryRetentionLeaseId
	- Kiroku.Store.HistoryRetention.Types.Rep_HistoryRetentionLeaseOwner
	- Kiroku.Store.HistoryRetention.Types.Rep_HistoryRetentionLeaseReason
	- Kiroku.Store.HistoryRetention.Types.Rep_HistoryRetentionLeaseRequest
	- Kiroku.Store.HistoryRetention.Types.Rep_HistoryRetentionLeaseState
	- Kiroku.Store.HistoryRetention.Types.Rep_HistoryRetentionLease
	- Kiroku.Store.HistoryRetention.Types.Rep_HistoryRetentionPruneResult
	- Kiroku.Store.HistoryRetention.Types.Rep_HistoryRetentionReleaseResult
	- Kiroku.Store.HistoryRetention.Types.Rep_HistoryRetentionRenewalError
	- Kiroku.Store.HistoryRetention.Types.Rep_HistoryRetentionRequestError
	- Kiroku.Store.HistoryRetention.Types.Rep_StreamHistoryUnavailable
Warning: Kiroku.Store.Subscription.Worker: could not find link destinations for: 
	- Kiroku.Store.Subscription.Worker.FetchBatchHook
	- Kiroku.Store.Subscription.Worker.LoadCheckpointHook
	- Kiroku.Store.Subscription.Worker.SaveCheckpointHook
	- Kiroku.Store.Subscription.Worker.fetchBatch
	- Kiroku.Store.Subscription.Worker.loadCheckpoint
	- Kiroku.Store.Subscription.Worker.saveCheckpoint
Warning: Kiroku.Store.Connection: could not find link destinations for: 
	- Kiroku.Store.Connection.Rep_ConnectionSettingsM
	- Kiroku.Store.Connection.Rep_KirokuStore
Warning: Kiroku.Store.Effect.Resource: could not find link destinations for: 
	- Kiroku.Store.Effect.Resource.KirokuStoreResource
Warning: Kiroku.Store.Error: could not find link destinations for: 
	- Kiroku.Store.Error.Rep_AppendConflict
	- Kiroku.Store.Error.Rep_StoreError
Warning: Kiroku.Store.Effect: could not find link destinations for: 
	- Kiroku.Store.Effect.Rep_PreparedEvent
Warning: Kiroku.Store.Transaction: could not find link destinations for: 
	- Kiroku.Store.Error.Rep_AppendConflict
	- Kiroku.Store.Effect.Rep_PreparedEvent
Warning: Kiroku.Store.Subscription: could not find link destinations for: 
	- Kiroku.Store.Subscription.Rep_SubscriptionStateView
Documentation created:
/var/folders/fn/022xr90s5mz417hz7fllrhv80000gn/T/mp13-release-source-6jhizn0h/dist-newstyle/build/aarch64-osx/ghc-9.12.4/kiroku-store-0.11.0.0/doc/html/kiroku-store-0.11.0.0-docs,
/var/folders/fn/022xr90s5mz417hz7fllrhv80000gn/T/mp13-release-source-6jhizn0h/dist-newstyle/build/aarch64-osx/ghc-9.12.4/kiroku-store-0.11.0.0/doc/html/kiroku-store-0.11.0.0-docs/kiroku-store.txt
Documentation tarball created:
/var/folders/fn/022xr90s5mz417hz7fllrhv80000gn/T/mp13-release-source-6jhizn0h/dist-newstyle/kiroku-store-0.11.0.0-docs.tar.gz
Configuring library for kiroku-store-migrations-0.7.1.0...
Preprocessing library for kiroku-store-migrations-0.7.1.0...
Running Haddock on library for kiroku-store-migrations-0.7.1.0...
Warning: The following packages have no Haddock documentation installed. No
links will be generated to these packages: postgresql-libpq-configure-0.11,
attoparsec-0.14.4
[1 of 5] Compiling Kiroku.Store.Migrations.Internal.Definition ( src/Kiroku/Store/Migrations/Internal/Definition.hs, /var/folders/fn/022xr90s5mz417hz7fllrhv80000gn/T/ghc94195_tmp_0/ghc_tmp_2.o, /var/folders/fn/022xr90s5mz417hz7fllrhv80000gn/T/ghc94195_tmp_0/ghc_tmp_2.dyn_o )
[2 of 5] Compiling Kiroku.Store.Migrations ( src/Kiroku/Store/Migrations.hs, nothing ) [Flags changed]
[3 of 5] Compiling Kiroku.Store.Migrations.Internal.EmbedFile ( src/Kiroku/Store/Migrations/Internal/EmbedFile.hs, /var/folders/fn/022xr90s5mz417hz7fllrhv80000gn/T/ghc94195_tmp_0/ghc_tmp_4.o, /var/folders/fn/022xr90s5mz417hz7fllrhv80000gn/T/ghc94195_tmp_0/ghc_tmp_4.dyn_o )
[4 of 5] Compiling Kiroku.Store.Migrations.History.Codd ( src/Kiroku/Store/Migrations/History/Codd.hs, nothing ) [Flags changed]
[5 of 5] Compiling Kiroku.Store.Migrations.New ( src/Kiroku/Store/Migrations/New.hs, nothing ) [Flags changed]
Haddock coverage:
  71% (  5 /  7) in 'Kiroku.Store.Migrations'
  Missing documentation for:
    Module header
    kirokuMigrations (src/Kiroku/Store/Migrations/Internal/Definition.hs:29)
   0% (  0 /  6) in 'Kiroku.Store.Migrations.History.Codd'
  Missing documentation for:
    Module header
    kirokuCoddHistoryMappings (src/Kiroku/Store/Migrations/History/Codd.hs:48)
    kirokuCoddManifestText (src/Kiroku/Store/Migrations/History/Codd.hs:92)
    kirokuCoddSourceConfig (src/Kiroku/Store/Migrations/History/Codd.hs:65)
    kirokuCoddSourcePayloads (src/Kiroku/Store/Migrations/History/Codd.hs:87)
    kirokuLegacyMigrationNames (src/Kiroku/Store/Migrations/History/Codd.hs:37)
  20% (  1 /  5) in 'Kiroku.Store.Migrations.New'
  Missing documentation for:
    Module header
    defaultMigrationsDir (src/Kiroku/Store/Migrations/New.hs:19)
    newMigrationFile (src/Kiroku/Store/Migrations/New.hs:22)
    migrationTemplate (src/Kiroku/Store/Migrations/New.hs:30)
Warning: Kiroku.Store.Migrations: could not find link destinations for: 
	- Database.PostgreSQL.Migrate.Definition.Rep_DefinitionError
	- Database.PostgreSQL.Migrate.Plan.Rep_PlanError
Documentation created:
/var/folders/fn/022xr90s5mz417hz7fllrhv80000gn/T/mp13-release-source-6jhizn0h/dist-newstyle/build/aarch64-osx/ghc-9.12.4/kiroku-store-migrations-0.7.1.0/doc/html/kiroku-store-migrations-0.7.1.0-docs,
/var/folders/fn/022xr90s5mz417hz7fllrhv80000gn/T/mp13-release-source-6jhizn0h/dist-newstyle/build/aarch64-osx/ghc-9.12.4/kiroku-store-migrations-0.7.1.0/doc/html/kiroku-store-migrations-0.7.1.0-docs/kiroku-store-migrations.txt
Documentation tarball created:
/var/folders/fn/022xr90s5mz417hz7fllrhv80000gn/T/mp13-release-source-6jhizn0h/dist-newstyle/kiroku-store-migrations-0.7.1.0-docs.tar.gz
Configuring library for unicode-data-0.9.0...
Preprocessing library for unicode-data-0.9.0...
Building library for unicode-data-0.9.0...
[ 1 of 33] Compiling Unicode.Internal.Bits ( lib/Unicode/Internal/Bits.hs, dist/build/Unicode/Internal/Bits.o, dist/build/Unicode/Internal/Bits.dyn_o )
[ 2 of 33] Compiling Unicode.Internal.Char.Blocks ( lib/Unicode/Internal/Char/Blocks.hs, dist/build/Unicode/Internal/Char/Blocks.o, dist/build/Unicode/Internal/Char/Blocks.dyn_o )
[ 3 of 33] Compiling Unicode.Char.General.Blocks ( lib/Unicode/Char/General/Blocks.hs, dist/build/Unicode/Char/General/Blocks.o, dist/build/Unicode/Char/General/Blocks.dyn_o )
[ 4 of 33] Compiling Unicode.Internal.Char.CaseFolding ( lib/Unicode/Internal/Char/CaseFolding.hs, dist/build/Unicode/Internal/Char/CaseFolding.o, dist/build/Unicode/Internal/Char/CaseFolding.dyn_o )
[ 5 of 33] Compiling Unicode.Internal.Char.DerivedCoreProperties ( lib/Unicode/Internal/Char/DerivedCoreProperties.hs, dist/build/Unicode/Internal/Char/DerivedCoreProperties.o, dist/build/Unicode/Internal/Char/DerivedCoreProperties.dyn_o )
[ 6 of 33] Compiling Unicode.Internal.Char.DerivedNumericValues ( lib/Unicode/Internal/Char/DerivedNumericValues.hs, dist/build/Unicode/Internal/Char/DerivedNumericValues.o, dist/build/Unicode/Internal/Char/DerivedNumericValues.dyn_o )
[ 7 of 33] Compiling Unicode.Char.Numeric ( lib/Unicode/Char/Numeric.hs, dist/build/Unicode/Char/Numeric.o, dist/build/Unicode/Char/Numeric.dyn_o )
[ 8 of 33] Compiling Unicode.Internal.Char.PropList ( lib/Unicode/Internal/Char/PropList.hs, dist/build/Unicode/Internal/Char/PropList.o, dist/build/Unicode/Internal/Char/PropList.dyn_o )
[ 9 of 33] Compiling Unicode.Char.Identifiers ( lib/Unicode/Char/Identifiers.hs, dist/build/Unicode/Char/Identifiers.o, dist/build/Unicode/Char/Identifiers.dyn_o )
[10 of 33] Compiling Unicode.Internal.Char.SpecialCasing.LowerCaseMapping ( lib/Unicode/Internal/Char/SpecialCasing/LowerCaseMapping.hs, dist/build/Unicode/Internal/Char/SpecialCasing/LowerCaseMapping.o, dist/build/Unicode/Internal/Char/SpecialCasing/LowerCaseMapping.dyn_o )
[11 of 33] Compiling Unicode.Internal.Char.SpecialCasing.TitleCaseMapping ( lib/Unicode/Internal/Char/SpecialCasing/TitleCaseMapping.hs, dist/build/Unicode/Internal/Char/SpecialCasing/TitleCaseMapping.o, dist/build/Unicode/Internal/Char/SpecialCasing/TitleCaseMapping.dyn_o )
[12 of 33] Compiling Unicode.Internal.Char.SpecialCasing.UpperCaseMapping ( lib/Unicode/Internal/Char/SpecialCasing/UpperCaseMapping.hs, dist/build/Unicode/Internal/Char/SpecialCasing/UpperCaseMapping.o, dist/build/Unicode/Internal/Char/SpecialCasing/UpperCaseMapping.dyn_o )
[13 of 33] Compiling Unicode.Internal.Char.UnicodeData.CombiningClass ( lib/Unicode/Internal/Char/UnicodeData/CombiningClass.hs, dist/build/Unicode/Internal/Char/UnicodeData/CombiningClass.o, dist/build/Unicode/Internal/Char/UnicodeData/CombiningClass.dyn_o )
[14 of 33] Compiling Unicode.Internal.Char.UnicodeData.Compositions ( lib/Unicode/Internal/Char/UnicodeData/Compositions.hs, dist/build/Unicode/Internal/Char/UnicodeData/Compositions.o, dist/build/Unicode/Internal/Char/UnicodeData/Compositions.dyn_o )
[15 of 33] Compiling Unicode.Internal.Char.UnicodeData.Decomposable ( lib/Unicode/Internal/Char/UnicodeData/Decomposable.hs, dist/build/Unicode/Internal/Char/UnicodeData/Decomposable.o, dist/build/Unicode/Internal/Char/UnicodeData/Decomposable.dyn_o )
[16 of 33] Compiling Unicode.Internal.Char.UnicodeData.DecomposableK ( lib/Unicode/Internal/Char/UnicodeData/DecomposableK.hs, dist/build/Unicode/Internal/Char/UnicodeData/DecomposableK.o, dist/build/Unicode/Internal/Char/UnicodeData/DecomposableK.dyn_o )
[17 of 33] Compiling Unicode.Internal.Char.UnicodeData.Decompositions ( lib/Unicode/Internal/Char/UnicodeData/Decompositions.hs, dist/build/Unicode/Internal/Char/UnicodeData/Decompositions.o, dist/build/Unicode/Internal/Char/UnicodeData/Decompositions.dyn_o )
[18 of 33] Compiling Unicode.Internal.Char.UnicodeData.DecompositionsK2 ( lib/Unicode/Internal/Char/UnicodeData/DecompositionsK2.hs, dist/build/Unicode/Internal/Char/UnicodeData/DecompositionsK2.o, dist/build/Unicode/Internal/Char/UnicodeData/DecompositionsK2.dyn_o )
[19 of 33] Compiling Unicode.Internal.Char.UnicodeData.DecompositionsK ( lib/Unicode/Internal/Char/UnicodeData/DecompositionsK.hs, dist/build/Unicode/Internal/Char/UnicodeData/DecompositionsK.o, dist/build/Unicode/Internal/Char/UnicodeData/DecompositionsK.dyn_o )
[20 of 33] Compiling Unicode.Internal.Char.UnicodeData.GeneralCategory ( lib/Unicode/Internal/Char/UnicodeData/GeneralCategory.hs, dist/build/Unicode/Internal/Char/UnicodeData/GeneralCategory.o, dist/build/Unicode/Internal/Char/UnicodeData/GeneralCategory.dyn_o )
[21 of 33] Compiling Unicode.Char.Numeric.Compat ( lib/Unicode/Char/Numeric/Compat.hs, dist/build/Unicode/Char/Numeric/Compat.o, dist/build/Unicode/Char/Numeric/Compat.dyn_o )
[22 of 33] Compiling Unicode.Char.General.Compat ( lib/Unicode/Char/General/Compat.hs, dist/build/Unicode/Char/General/Compat.o, dist/build/Unicode/Char/General/Compat.dyn_o )
[23 of 33] Compiling Unicode.Internal.Char.UnicodeData.SimpleLowerCaseMapping ( lib/Unicode/Internal/Char/UnicodeData/SimpleLowerCaseMapping.hs, dist/build/Unicode/Internal/Char/UnicodeData/SimpleLowerCaseMapping.o, dist/build/Unicode/Internal/Char/UnicodeData/SimpleLowerCaseMapping.dyn_o )
[24 of 33] Compiling Unicode.Internal.Char.UnicodeData.SimpleTitleCaseMapping ( lib/Unicode/Internal/Char/UnicodeData/SimpleTitleCaseMapping.hs, dist/build/Unicode/Internal/Char/UnicodeData/SimpleTitleCaseMapping.o, dist/build/Unicode/Internal/Char/UnicodeData/SimpleTitleCaseMapping.dyn_o )
[25 of 33] Compiling Unicode.Internal.Char.UnicodeData.SimpleUpperCaseMapping ( lib/Unicode/Internal/Char/UnicodeData/SimpleUpperCaseMapping.hs, dist/build/Unicode/Internal/Char/UnicodeData/SimpleUpperCaseMapping.o, dist/build/Unicode/Internal/Char/UnicodeData/SimpleUpperCaseMapping.dyn_o )
[26 of 33] Compiling Unicode.Char.Case.Compat ( lib/Unicode/Char/Case/Compat.hs, dist/build/Unicode/Char/Case/Compat.o, dist/build/Unicode/Char/Case/Compat.dyn_o )
[27 of 33] Compiling Unicode.Internal.Char.Version ( lib/Unicode/Internal/Char/Version.hs, dist/build/Unicode/Internal/Char/Version.o, dist/build/Unicode/Internal/Char/Version.dyn_o )
[28 of 33] Compiling Unicode.Internal.Division ( lib/Unicode/Internal/Division.hs, dist/build/Unicode/Internal/Division.o, dist/build/Unicode/Internal/Division.dyn_o )
[29 of 33] Compiling Unicode.Char.General ( lib/Unicode/Char/General.hs, dist/build/Unicode/Char/General.o, dist/build/Unicode/Char/General.dyn_o )
[30 of 33] Compiling Unicode.Char.Normalization ( lib/Unicode/Char/Normalization.hs, dist/build/Unicode/Char/Normalization.o, dist/build/Unicode/Char/Normalization.dyn_o )
[31 of 33] Compiling Unicode.Internal.Unfold ( lib/Unicode/Internal/Unfold.hs, dist/build/Unicode/Internal/Unfold.o, dist/build/Unicode/Internal/Unfold.dyn_o )
[32 of 33] Compiling Unicode.Char.Case ( lib/Unicode/Char/Case.hs, dist/build/Unicode/Char/Case.o, dist/build/Unicode/Char/Case.dyn_o )
[33 of 33] Compiling Unicode.Char     ( lib/Unicode/Char.hs, dist/build/Unicode/Char.o, dist/build/Unicode/Char.dyn_o )
Preprocessing library for unicode-data-0.9.0...
Running Haddock on library for unicode-data-0.9.0...
[ 1 of 33] Compiling Unicode.Internal.Bits ( lib/Unicode/Internal/Bits.hs, nothing ) [Flags changed]
[ 2 of 33] Compiling Unicode.Internal.Char.Blocks ( lib/Unicode/Internal/Char/Blocks.hs, nothing ) [Flags changed]
[ 3 of 33] Compiling Unicode.Char.General.Blocks ( lib/Unicode/Char/General/Blocks.hs, nothing ) [Flags changed]
[ 4 of 33] Compiling Unicode.Internal.Char.CaseFolding ( lib/Unicode/Internal/Char/CaseFolding.hs, nothing ) [Flags changed]
[ 5 of 33] Compiling Unicode.Internal.Char.DerivedCoreProperties ( lib/Unicode/Internal/Char/DerivedCoreProperties.hs, nothing ) [Flags changed]
[ 6 of 33] Compiling Unicode.Internal.Char.DerivedNumericValues ( lib/Unicode/Internal/Char/DerivedNumericValues.hs, nothing ) [Flags changed]
[ 7 of 33] Compiling Unicode.Char.Numeric ( lib/Unicode/Char/Numeric.hs, nothing ) [Flags changed]
[ 8 of 33] Compiling Unicode.Internal.Char.PropList ( lib/Unicode/Internal/Char/PropList.hs, nothing ) [Flags changed]
[ 9 of 33] Compiling Unicode.Char.Identifiers ( lib/Unicode/Char/Identifiers.hs, nothing ) [Flags changed]
[10 of 33] Compiling Unicode.Internal.Char.SpecialCasing.LowerCaseMapping ( lib/Unicode/Internal/Char/SpecialCasing/LowerCaseMapping.hs, nothing ) [Flags changed]
[11 of 33] Compiling Unicode.Internal.Char.SpecialCasing.TitleCaseMapping ( lib/Unicode/Internal/Char/SpecialCasing/TitleCaseMapping.hs, nothing ) [Flags changed]
[12 of 33] Compiling Unicode.Internal.Char.SpecialCasing.UpperCaseMapping ( lib/Unicode/Internal/Char/SpecialCasing/UpperCaseMapping.hs, nothing ) [Flags changed]
[13 of 33] Compiling Unicode.Internal.Char.UnicodeData.CombiningClass ( lib/Unicode/Internal/Char/UnicodeData/CombiningClass.hs, nothing ) [Flags changed]
[14 of 33] Compiling Unicode.Internal.Char.UnicodeData.Compositions ( lib/Unicode/Internal/Char/UnicodeData/Compositions.hs, nothing ) [Flags changed]
[15 of 33] Compiling Unicode.Internal.Char.UnicodeData.Decomposable ( lib/Unicode/Internal/Char/UnicodeData/Decomposable.hs, nothing ) [Flags changed]
[16 of 33] Compiling Unicode.Internal.Char.UnicodeData.DecomposableK ( lib/Unicode/Internal/Char/UnicodeData/DecomposableK.hs, nothing ) [Flags changed]
[17 of 33] Compiling Unicode.Internal.Char.UnicodeData.Decompositions ( lib/Unicode/Internal/Char/UnicodeData/Decompositions.hs, nothing ) [Flags changed]
[18 of 33] Compiling Unicode.Internal.Char.UnicodeData.DecompositionsK2 ( lib/Unicode/Internal/Char/UnicodeData/DecompositionsK2.hs, nothing ) [Flags changed]
[19 of 33] Compiling Unicode.Internal.Char.UnicodeData.DecompositionsK ( lib/Unicode/Internal/Char/UnicodeData/DecompositionsK.hs, nothing ) [Flags changed]
[20 of 33] Compiling Unicode.Internal.Char.UnicodeData.GeneralCategory ( lib/Unicode/Internal/Char/UnicodeData/GeneralCategory.hs, nothing ) [Flags changed]
[21 of 33] Compiling Unicode.Char.Numeric.Compat ( lib/Unicode/Char/Numeric/Compat.hs, nothing ) [Flags changed]
[22 of 33] Compiling Unicode.Char.General.Compat ( lib/Unicode/Char/General/Compat.hs, nothing ) [Flags changed]
[23 of 33] Compiling Unicode.Internal.Char.UnicodeData.SimpleLowerCaseMapping ( lib/Unicode/Internal/Char/UnicodeData/SimpleLowerCaseMapping.hs, nothing ) [Flags changed]
[24 of 33] Compiling Unicode.Internal.Char.UnicodeData.SimpleTitleCaseMapping ( lib/Unicode/Internal/Char/UnicodeData/SimpleTitleCaseMapping.hs, nothing ) [Flags changed]
[25 of 33] Compiling Unicode.Internal.Char.UnicodeData.SimpleUpperCaseMapping ( lib/Unicode/Internal/Char/UnicodeData/SimpleUpperCaseMapping.hs, nothing ) [Flags changed]
[26 of 33] Compiling Unicode.Char.Case.Compat ( lib/Unicode/Char/Case/Compat.hs, nothing ) [Flags changed]
[27 of 33] Compiling Unicode.Internal.Char.Version ( lib/Unicode/Internal/Char/Version.hs, nothing ) [Flags changed]
[28 of 33] Compiling Unicode.Internal.Division ( lib/Unicode/Internal/Division.hs, nothing ) [Flags changed]
[29 of 33] Compiling Unicode.Char.General ( lib/Unicode/Char/General.hs, nothing ) [Flags changed]
[30 of 33] Compiling Unicode.Char.Normalization ( lib/Unicode/Char/Normalization.hs, nothing ) [Flags changed]
[31 of 33] Compiling Unicode.Internal.Unfold ( lib/Unicode/Internal/Unfold.hs, nothing ) [Flags changed]
[32 of 33] Compiling Unicode.Char.Case ( lib/Unicode/Char/Case.hs, nothing ) [Flags changed]
[33 of 33] Compiling Unicode.Char     ( lib/Unicode/Char.hs, nothing ) [Flags changed]
Haddock coverage:
  60% (  6 / 10) in 'Unicode.Internal.Bits'
  Missing documentation for:
    lookupWord8AsInt# (lib/Unicode/Internal/Bits.hs:108)
    lookupWord16AsInt (lib/Unicode/Internal/Bits.hs:120)
    lookupWord16AsInt# (lib/Unicode/Internal/Bits.hs:126)
    unpackCString#
 100% (  7 /  7) in 'Unicode.Char.General.Blocks'
 100% ( 14 / 14) in 'Unicode.Char.Numeric'
 100% (  7 /  7) in 'Unicode.Char.Identifiers'
 100% (  3 /  3) in 'Unicode.Char.Numeric.Compat'
Warning: 'GeneralCategory' is out of scope.
    If you qualify the identifier, haddock can try to link it anyway.
Warning: 'UppercaseLetter' is out of scope.
    If you qualify the identifier, haddock can try to link it anyway.
Warning: 'LowercaseLetter' is out of scope.
    If you qualify the identifier, haddock can try to link it anyway.
Warning: 'TitlecaseLetter' is out of scope.
    If you qualify the identifier, haddock can try to link it anyway.
Warning: 'ModifierLetter' is out of scope.
    If you qualify the identifier, haddock can try to link it anyway.
Warning: 'OtherLetter' is out of scope.
    If you qualify the identifier, haddock can try to link it anyway.
Warning: 'DecimalNumber' is out of scope.
    If you qualify the identifier, haddock can try to link it anyway.
Warning: 'LetterNumber' is out of scope.
    If you qualify the identifier, haddock can try to link it anyway.
Warning: 'OtherNumber' is out of scope.
    If you qualify the identifier, haddock can try to link it anyway.
Warning: 'Space' is out of scope.
    If you qualify the identifier, haddock can try to link it anyway.
 100% (  5 /  5) in 'Unicode.Char.General.Compat'
 100% (  8 /  8) in 'Unicode.Char.Case.Compat'
 100% (  3 /  3) in 'Unicode.Internal.Division'
Warning: 'isSpace' is out of scope.
    If you qualify the identifier, haddock can try to link it anyway.
 100% ( 51 / 51) in 'Unicode.Char.General'
 100% ( 15 / 15) in 'Unicode.Char.Normalization'
 100% (  4 /  4) in 'Unicode.Internal.Unfold'
 100% ( 21 / 21) in 'Unicode.Char.Case'
 100% ( 58 / 58) in 'Unicode.Char'
Documentation created:
/var/folders/fn/022xr90s5mz417hz7fllrhv80000gn/T/mp13-release-source-6jhizn0h/dist-newstyle/tmp/src-78841/unicode-data-0.9.0/dist/doc/html/unicode-data
Installing library in /Users/shinzui/.cabal/store/ghc-9.12.4-8bff/incoming/new-78841/Users/shinzui/.cabal/store/ghc-9.12.4-8bff/ncd-dt-0.9.0-f62d349d/lib
Configuring library 'shibuya-kiroku-adapter-internal' for shibuya-kiroku-adapter-0.6.0.1...
Preprocessing library 'shibuya-kiroku-adapter-internal' for shibuya-kiroku-adapter-0.6.0.1...
Building library 'shibuya-kiroku-adapter-internal' for shibuya-kiroku-adapter-0.6.0.1...
[1 of 1] Compiling Shibuya.Adapter.Kiroku.Internal ( internal/Shibuya/Adapter/Kiroku/Internal.hs, /var/folders/fn/022xr90s5mz417hz7fllrhv80000gn/T/mp13-release-source-6jhizn0h/dist-newstyle/build/aarch64-osx/ghc-9.12.4/shibuya-kiroku-adapter-0.6.0.1/l/shibuya-kiroku-adapter-internal/build/shibuya-kiroku-adapter-internal/Shibuya/Adapter/Kiroku/Internal.o, /var/folders/fn/022xr90s5mz417hz7fllrhv80000gn/T/mp13-release-source-6jhizn0h/dist-newstyle/build/aarch64-osx/ghc-9.12.4/shibuya-kiroku-adapter-0.6.0.1/l/shibuya-kiroku-adapter-internal/build/shibuya-kiroku-adapter-internal/Shibuya/Adapter/Kiroku/Internal.dyn_o ) [Flags changed]
Preprocessing library 'shibuya-kiroku-adapter-internal' for shibuya-kiroku-adapter-0.6.0.1...
Running Haddock on library 'shibuya-kiroku-adapter-internal' for shibuya-kiroku-adapter-0.6.0.1...
[1 of 1] Compiling Shibuya.Adapter.Kiroku.Internal ( internal/Shibuya/Adapter/Kiroku/Internal.hs, nothing )
Haddock coverage:
  50% (  1 /  2) in 'Shibuya.Adapter.Kiroku.Internal'
  Missing documentation for:
    Module header
Documentation created:
/var/folders/fn/022xr90s5mz417hz7fllrhv80000gn/T/mp13-release-source-6jhizn0h/dist-newstyle/build/aarch64-osx/ghc-9.12.4/shibuya-kiroku-adapter-0.6.0.1/l/shibuya-kiroku-adapter-internal/doc/html/shibuya-kiroku-adapter-0.6.0.1-docs/shibuya-kiroku-adapter-internal,
/var/folders/fn/022xr90s5mz417hz7fllrhv80000gn/T/mp13-release-source-6jhizn0h/dist-newstyle/build/aarch64-osx/ghc-9.12.4/shibuya-kiroku-adapter-0.6.0.1/l/shibuya-kiroku-adapter-internal/doc/html/shibuya-kiroku-adapter-0.6.0.1-docs/shibuya-kiroku-adapter-internal/shibuya-kiroku-adapter.txt
Documentation tarball created:
/var/folders/fn/022xr90s5mz417hz7fllrhv80000gn/T/mp13-release-source-6jhizn0h/dist-newstyle/shibuya-kiroku-adapter-0.6.0.1-docs.tar.gz
Configuring library for kiroku-otel-0.2.0.12...
Preprocessing library for kiroku-otel-0.2.0.12...
Running Haddock on library for kiroku-otel-0.2.0.12...
Warning: The following packages have no Haddock documentation installed. No
links will be generated to these packages: kiroku-store-0.11.0.0,
postgresql-libpq-configure-0.11, attoparsec-0.14.4
[1 of 2] Compiling Kiroku.Otel.Subscription ( src/Kiroku/Otel/Subscription.hs, nothing ) [Flags changed]
[2 of 2] Compiling Kiroku.Otel.TraceContext ( src/Kiroku/Otel/TraceContext.hs, nothing ) [Flags changed]
Haddock coverage:
Warning: 'OpenState' is ambiguous. It is defined
    * at src/Kiroku/Otel/Subscription.hs:195:18
    * at src/Kiroku/Otel/Subscription.hs:195:1
    You may be able to disambiguate the identifier by qualifying it or
    by specifying the type/value namespace explicitly.
    Defaulting to the one defined at src/Kiroku/Otel/Subscription.hs:195:1
Warning: 'Tracer'' is out of scope.
    If you qualify the identifier, haddock can try to link it anyway.
Warning: 'TracerProvider' is out of scope.
    If you qualify the identifier, haddock can try to link it anyway.
Warning: 'GlobalPosition' is ambiguous. It is defined
    * in ‘Kiroku.Store.Types’
    * in ‘Kiroku.Store.Types’
    You may be able to disambiguate the identifier by qualifying it or
    by specifying the type/value namespace explicitly.
    Defaulting to the one defined in ‘Kiroku.Store.Types’
  16% (  5 / 30) in 'Kiroku.Otel.Subscription'
  Missing documentation for:
    spanCatchup (src/Kiroku/Otel/Subscription.hs:501)
    spanDeliver (src/Kiroku/Otel/Subscription.hs:502)
    spanPaused (src/Kiroku/Otel/Subscription.hs:503)
    spanReconnecting (src/Kiroku/Otel/Subscription.hs:504)
    spanRetrying (src/Kiroku/Otel/Subscription.hs:505)
    spanDeadLetter (src/Kiroku/Otel/Subscription.hs:506)
    spanDbError (src/Kiroku/Otel/Subscription.hs:507)
    spanStopped (src/Kiroku/Otel/Subscription.hs:508)
    attrSubName (src/Kiroku/Otel/Subscription.hs:517)
    attrState (src/Kiroku/Otel/Subscription.hs:518)
    attrAttempt (src/Kiroku/Otel/Subscription.hs:519)
    attrCheckpoint (src/Kiroku/Otel/Subscription.hs:520)
    attrGroupMember (src/Kiroku/Otel/Subscription.hs:521)
    attrGroupSize (src/Kiroku/Otel/Subscription.hs:522)
    attrBatchRows (src/Kiroku/Otel/Subscription.hs:523)
    attrEventPos (src/Kiroku/Otel/Subscription.hs:524)
    attrDeadLetterReason (src/Kiroku/Otel/Subscription.hs:525)
    attrStopReason (src/Kiroku/Otel/Subscription.hs:526)
    attrDbPhase (src/Kiroku/Otel/Subscription.hs:527)
    attrMessagingSystem (src/Kiroku/Otel/Subscription.hs:528)
    attrMessagingDestinationName (src/Kiroku/Otel/Subscription.hs:529)
    attrMessagingOperationType (src/Kiroku/Otel/Subscription.hs:530)
    attrMessagingBatchMessageCount (src/Kiroku/Otel/Subscription.hs:531)
    attrDbSystemName (src/Kiroku/Otel/Subscription.hs:532)
    attrDbOperationName (src/Kiroku/Otel/Subscription.hs:533)
Warning: 'RecordedEvent' is ambiguous. It is defined
    * in ‘Kiroku.Store.Types’
    * in ‘Kiroku.Store.Types’
    You may be able to disambiguate the identifier by qualifying it or
    by specifying the type/value namespace explicitly.
    Defaulting to the one defined in ‘Kiroku.Store.Types’
Warning: 'EventData' is ambiguous. It is defined
    * in ‘Kiroku.Store.Types’
    * in ‘Kiroku.Store.Types’
    You may be able to disambiguate the identifier by qualifying it or
    by specifying the type/value namespace explicitly.
    Defaulting to the one defined in ‘Kiroku.Store.Types’
 100% (  3 /  3) in 'Kiroku.Otel.TraceContext'
Warning: Kiroku.Otel.Subscription: could not find link destinations for: 
	- Kiroku.Otel.Subscription.OpenState
	- Kiroku.Store.Observability.KirokuEvent
Warning: Kiroku.Otel.TraceContext: could not find link destinations for: 
	- Kiroku.Store.Types.RecordedEvent
	- Kiroku.Store.Types.EventData
Documentation created:
/var/folders/fn/022xr90s5mz417hz7fllrhv80000gn/T/mp13-release-source-6jhizn0h/dist-newstyle/build/aarch64-osx/ghc-9.12.4/kiroku-otel-0.2.0.12/doc/html/kiroku-otel-0.2.0.12-docs,
/var/folders/fn/022xr90s5mz417hz7fllrhv80000gn/T/mp13-release-source-6jhizn0h/dist-newstyle/build/aarch64-osx/ghc-9.12.4/kiroku-otel-0.2.0.12/doc/html/kiroku-otel-0.2.0.12-docs/kiroku-otel.txt
Documentation tarball created:
/var/folders/fn/022xr90s5mz417hz7fllrhv80000gn/T/mp13-release-source-6jhizn0h/dist-newstyle/kiroku-otel-0.2.0.12-docs.tar.gz
Configuring library for kiroku-cli-0.2.0.10...
Preprocessing library for kiroku-cli-0.2.0.10...
Building library for kiroku-cli-0.2.0.10...
[1 of 6] Compiling Kiroku.Cli.Command ( src/Kiroku/Cli/Command.hs, /var/folders/fn/022xr90s5mz417hz7fllrhv80000gn/T/mp13-release-source-6jhizn0h/dist-newstyle/build/aarch64-osx/ghc-9.12.4/kiroku-cli-0.2.0.10/build/Kiroku/Cli/Command.o, /var/folders/fn/022xr90s5mz417hz7fllrhv80000gn/T/mp13-release-source-6jhizn0h/dist-newstyle/build/aarch64-osx/ghc-9.12.4/kiroku-cli-0.2.0.10/build/Kiroku/Cli/Command.dyn_o ) [Flags changed]
[2 of 6] Compiling Kiroku.Cli.Parser ( src/Kiroku/Cli/Parser.hs, /var/folders/fn/022xr90s5mz417hz7fllrhv80000gn/T/mp13-release-source-6jhizn0h/dist-newstyle/build/aarch64-osx/ghc-9.12.4/kiroku-cli-0.2.0.10/build/Kiroku/Cli/Parser.o, /var/folders/fn/022xr90s5mz417hz7fllrhv80000gn/T/mp13-release-source-6jhizn0h/dist-newstyle/build/aarch64-osx/ghc-9.12.4/kiroku-cli-0.2.0.10/build/Kiroku/Cli/Parser.dyn_o ) [Flags changed]
[3 of 6] Compiling Kiroku.Cli.Subscription.Status ( src/Kiroku/Cli/Subscription/Status.hs, /var/folders/fn/022xr90s5mz417hz7fllrhv80000gn/T/mp13-release-source-6jhizn0h/dist-newstyle/build/aarch64-osx/ghc-9.12.4/kiroku-cli-0.2.0.10/build/Kiroku/Cli/Subscription/Status.o, /var/folders/fn/022xr90s5mz417hz7fllrhv80000gn/T/mp13-release-source-6jhizn0h/dist-newstyle/build/aarch64-osx/ghc-9.12.4/kiroku-cli-0.2.0.10/build/Kiroku/Cli/Subscription/Status.dyn_o ) [Flags changed]
[4 of 6] Compiling Kiroku.Cli.Standalone ( src/Kiroku/Cli/Standalone.hs, /var/folders/fn/022xr90s5mz417hz7fllrhv80000gn/T/mp13-release-source-6jhizn0h/dist-newstyle/build/aarch64-osx/ghc-9.12.4/kiroku-cli-0.2.0.10/build/Kiroku/Cli/Standalone.o, /var/folders/fn/022xr90s5mz417hz7fllrhv80000gn/T/mp13-release-source-6jhizn0h/dist-newstyle/build/aarch64-osx/ghc-9.12.4/kiroku-cli-0.2.0.10/build/Kiroku/Cli/Standalone.dyn_o ) [Flags changed]
[5 of 6] Compiling Kiroku.Cli.Run   ( src/Kiroku/Cli/Run.hs, /var/folders/fn/022xr90s5mz417hz7fllrhv80000gn/T/mp13-release-source-6jhizn0h/dist-newstyle/build/aarch64-osx/ghc-9.12.4/kiroku-cli-0.2.0.10/build/Kiroku/Cli/Run.o, /var/folders/fn/022xr90s5mz417hz7fllrhv80000gn/T/mp13-release-source-6jhizn0h/dist-newstyle/build/aarch64-osx/ghc-9.12.4/kiroku-cli-0.2.0.10/build/Kiroku/Cli/Run.dyn_o ) [Flags changed]
[6 of 6] Compiling Kiroku.Cli       ( src/Kiroku/Cli.hs, /var/folders/fn/022xr90s5mz417hz7fllrhv80000gn/T/mp13-release-source-6jhizn0h/dist-newstyle/build/aarch64-osx/ghc-9.12.4/kiroku-cli-0.2.0.10/build/Kiroku/Cli.o, /var/folders/fn/022xr90s5mz417hz7fllrhv80000gn/T/mp13-release-source-6jhizn0h/dist-newstyle/build/aarch64-osx/ghc-9.12.4/kiroku-cli-0.2.0.10/build/Kiroku/Cli.dyn_o ) [Flags changed]
Preprocessing library for kiroku-cli-0.2.0.10...
Running Haddock on library for kiroku-cli-0.2.0.10...
Warning: The following packages have no Haddock documentation installed. No
links will be generated to these packages: kiroku-store-0.11.0.0,
postgresql-libpq-configure-0.11, attoparsec-0.14.4
[1 of 6] Compiling Kiroku.Cli.Command ( src/Kiroku/Cli/Command.hs, nothing ) [HIE file is missing]
[2 of 6] Compiling Kiroku.Cli.Parser ( src/Kiroku/Cli/Parser.hs, nothing ) [HIE file is missing]
[3 of 6] Compiling Kiroku.Cli.Subscription.Status ( src/Kiroku/Cli/Subscription/Status.hs, nothing ) [HIE file is missing]
[4 of 6] Compiling Kiroku.Cli.Standalone ( src/Kiroku/Cli/Standalone.hs, nothing ) [HIE file is missing]
[5 of 6] Compiling Kiroku.Cli.Run   ( src/Kiroku/Cli/Run.hs, nothing ) [HIE file is missing]
[6 of 6] Compiling Kiroku.Cli       ( src/Kiroku/Cli.hs, nothing ) [HIE file is missing]
Haddock coverage:
  16% (  1 /  6) in 'Kiroku.Cli.Command'
  Missing documentation for:
    Module header
    KirokuCommand (src/Kiroku/Cli/Command.hs:11)
    OutputFormat (src/Kiroku/Cli/Command.hs:35)
    StatusOptions (src/Kiroku/Cli/Command.hs:26)
    SubscriptionCommand (src/Kiroku/Cli/Command.hs:16)
   0% (  0 /  4) in 'Kiroku.Cli.Parser'
  Missing documentation for:
    Module header
    kirokuCommandParser (src/Kiroku/Cli/Parser.hs:34)
    kirokuParserInfo (src/Kiroku/Cli/Parser.hs:85)
    kirokuSubparser (src/Kiroku/Cli/Parser.hs:94)
  33% (  2 /  6) in 'Kiroku.Cli.Subscription.Status'
  Missing documentation for:
    Module header
    SubscriptionStatusRow (src/Kiroku/Cli/Subscription/Status.hs:38)
    renderSubscriptionStatusRows (src/Kiroku/Cli/Subscription/Status.hs:85)
    subscriptionStatusRows (src/Kiroku/Cli/Subscription/Status.hs:69)
Warning: 'StatusOptions' is ambiguous. It is defined
    * at src/Kiroku/Cli/Command.hs:26:22
    * at src/Kiroku/Cli/Command.hs:26:1
    You may be able to disambiguate the identifier by qualifying it or
    by specifying the type/value namespace explicitly.
    Defaulting to the one defined at src/Kiroku/Cli/Command.hs:26:1
  42% (  3 /  7) in 'Kiroku.Cli.Standalone'
  Missing documentation for:
    Module header
    standaloneOptionsParser (src/Kiroku/Cli/Standalone.hs:64)
    standaloneParserInfo (src/Kiroku/Cli/Standalone.hs:52)
    runStandaloneCommand (src/Kiroku/Cli/Standalone.hs:95)
   0% (  0 /  4) in 'Kiroku.Cli.Run'
  Missing documentation for:
    Module header
    runKirokuCommand (src/Kiroku/Cli/Run.hs:19)
    runKirokuCommandWithStore (src/Kiroku/Cli/Run.hs:25)
    renderKirokuCommandWithStore (src/Kiroku/Cli/Run.hs:29)
   0% (  0 /  8) in 'Kiroku.Cli'
  Missing documentation for:
    Module header
    KirokuCommand (src/Kiroku/Cli/Command.hs:11)
    kirokuCommandParser (src/Kiroku/Cli/Parser.hs:34)
    kirokuParserInfo (src/Kiroku/Cli/Parser.hs:85)
    kirokuSubparser (src/Kiroku/Cli/Parser.hs:94)
    runKirokuCommand (src/Kiroku/Cli/Run.hs:19)
    runKirokuCommandWithStore (src/Kiroku/Cli/Run.hs:25)
    renderKirokuCommandWithStore (src/Kiroku/Cli/Run.hs:29)
Warning: Kiroku.Cli.Subscription.Status: could not find link destinations for: 
	- Kiroku.Cli.Subscription.Status.Rep_SubscriptionStatusRow
	- Kiroku.Store.Subscription.Types.SubscriptionName
	- Kiroku.Store.Subscription.SubscriptionStateView
Warning: Kiroku.Cli.Standalone: could not find link destinations for: 
	- Kiroku.Cli.Standalone.Rep_StandaloneOptions
	- Kiroku.Cli.Standalone.Rep_StandaloneRuntime
Warning: Kiroku.Cli.Run: could not find link destinations for: 
	- Kiroku.Store.Connection.KirokuStore
Warning: Kiroku.Cli: could not find link destinations for: 
	- Kiroku.Store.Connection.KirokuStore
Documentation created:
/var/folders/fn/022xr90s5mz417hz7fllrhv80000gn/T/mp13-release-source-6jhizn0h/dist-newstyle/build/aarch64-osx/ghc-9.12.4/kiroku-cli-0.2.0.10/doc/html/kiroku-cli-0.2.0.10-docs,
/var/folders/fn/022xr90s5mz417hz7fllrhv80000gn/T/mp13-release-source-6jhizn0h/dist-newstyle/build/aarch64-osx/ghc-9.12.4/kiroku-cli-0.2.0.10/doc/html/kiroku-cli-0.2.0.10-docs/kiroku-cli.txt
Documentation tarball created:
/var/folders/fn/022xr90s5mz417hz7fllrhv80000gn/T/mp13-release-source-6jhizn0h/dist-newstyle/kiroku-cli-0.2.0.10-docs.tar.gz
Configuring library for streamly-0.11.1...
checking for gcc... /nix/store/zb4dn54dd83q4vch99hy18kg0n8p9nwb-clang-wrapper-21.1.8/bin/cc
checking whether the C compiler works... yes
checking for C compiler default output file name... a.out
checking for suffix of executables... 
checking whether we are cross compiling... no
checking for suffix of object files... o
checking whether the compiler supports GNU C... yes
checking whether /nix/store/zb4dn54dd83q4vch99hy18kg0n8p9nwb-clang-wrapper-21.1.8/bin/cc accepts -g... yes
checking for /nix/store/zb4dn54dd83q4vch99hy18kg0n8p9nwb-clang-wrapper-21.1.8/bin/cc option to enable C11 features... none needed
checking for /nix/store/zb4dn54dd83q4vch99hy18kg0n8p9nwb-clang-wrapper-21.1.8/bin/cc options needed to detect all undeclared functions... none needed
checking whether IN_MASK_CREATE is declared... no
checking whether IN_EXCL_UNLINK is declared... no
checking whether kFSEventStreamCreateFlagFileEvents is declared... yes
checking whether kFSEventStreamCreateFlagFullHistory is declared... yes
checking whether kFSEventStreamEventFlagItemCloned is declared... yes
checking whether kFSEventStreamEventFlagItemIsHardlink is declared... yes
configure: creating ./config.status
config.status: creating src/config.h
Preprocessing library for streamly-0.11.1...
Building library for streamly-0.11.1...
<no location info>: warning: [GHC-42258] [-Wunused-packages]
    The following packages were specified via -package or -package-id flags,
    but were not needed for compilation:
      - directory-1.3.10.1 (exposed by flag -package-id directory-1.3.10.1-648c)

[ 1 of 75] Compiling Streamly.Data.Array.Foreign ( src/Streamly/Data/Array/Foreign.hs, dist/build/Streamly/Data/Array/Foreign.o, dist/build/Streamly/Data/Array/Foreign.dyn_o )
[ 2 of 75] Compiling Streamly.Data.Fold.Tee ( src/Streamly/Data/Fold/Tee.hs, dist/build/Streamly/Data/Fold/Tee.o, dist/build/Streamly/Data/Fold/Tee.dyn_o )
[ 3 of 75] Compiling Streamly.Internal.Control.Concurrent ( src/Streamly/Internal/Control/Concurrent.hs, dist/build/Streamly/Internal/Control/Concurrent.o, dist/build/Streamly/Internal/Control/Concurrent.dyn_o )
[ 4 of 75] Compiling Streamly.Internal.Control.ForkLifted ( src/Streamly/Internal/Control/ForkLifted.hs, dist/build/Streamly/Internal/Control/ForkLifted.o, dist/build/Streamly/Internal/Control/ForkLifted.dyn_o )
[ 5 of 75] Compiling Streamly.Internal.Data.Atomics ( src/Streamly/Internal/Data/Atomics.hs, dist/build/Streamly/Internal/Data/Atomics.o, dist/build/Streamly/Internal/Data/Atomics.dyn_o )
[ 6 of 75] Compiling Streamly.Internal.Data.Channel.Types ( src/Streamly/Internal/Data/Channel/Types.hs, dist/build/Streamly/Internal/Data/Channel/Types.o, dist/build/Streamly/Internal/Data/Channel/Types.dyn_o )
[ 7 of 75] Compiling Streamly.Internal.Data.Channel.Dispatcher ( src/Streamly/Internal/Data/Channel/Dispatcher.hs, dist/build/Streamly/Internal/Data/Channel/Dispatcher.o, dist/build/Streamly/Internal/Data/Channel/Dispatcher.dyn_o )
[ 8 of 75] Compiling Streamly.Internal.Data.Channel.Worker ( src/Streamly/Internal/Data/Channel/Worker.hs, dist/build/Streamly/Internal/Data/Channel/Worker.o, dist/build/Streamly/Internal/Data/Channel/Worker.dyn_o )
[ 9 of 75] Compiling Streamly.Internal.Data.Channel ( src/Streamly/Internal/Data/Channel.hs, dist/build/Streamly/Internal/Data/Channel.o, dist/build/Streamly/Internal/Data/Channel.dyn_o )
[10 of 75] Compiling Streamly.Internal.Data.Cont ( src/Streamly/Internal/Data/Cont.hs, dist/build/Streamly/Internal/Data/Cont.o, dist/build/Streamly/Internal/Data/Cont.dyn_o )
[11 of 75] Compiling Streamly.Internal.Data.Fold.Channel.Type ( src/Streamly/Internal/Data/Fold/Channel/Type.hs, dist/build/Streamly/Internal/Data/Fold/Channel/Type.o, dist/build/Streamly/Internal/Data/Fold/Channel/Type.dyn_o )
[12 of 75] Compiling Streamly.Internal.Data.Fold.Channel ( src/Streamly/Internal/Data/Fold/Channel.hs, dist/build/Streamly/Internal/Data/Fold/Channel.o, dist/build/Streamly/Internal/Data/Fold/Channel.dyn_o )
[13 of 75] Compiling Streamly.Internal.Data.Fold.Concurrent ( src/Streamly/Internal/Data/Fold/Concurrent.hs, dist/build/Streamly/Internal/Data/Fold/Concurrent.o, dist/build/Streamly/Internal/Data/Fold/Concurrent.dyn_o )
[14 of 75] Compiling Streamly.Internal.Data.Fold.Time ( src/Streamly/Internal/Data/Fold/Time.hs, dist/build/Streamly/Internal/Data/Fold/Time.o, dist/build/Streamly/Internal/Data/Fold/Time.dyn_o )
[15 of 75] Compiling Streamly.Internal.Data.IOFinalizer.Lifted ( src/Streamly/Internal/Data/IOFinalizer/Lifted.hs, dist/build/Streamly/Internal/Data/IOFinalizer/Lifted.o, dist/build/Streamly/Internal/Data/IOFinalizer/Lifted.dyn_o )
[16 of 75] Compiling Streamly.Internal.Data.IsMap.HashMap ( src/Streamly/Internal/Data/IsMap/HashMap.hs, dist/build/Streamly/Internal/Data/IsMap/HashMap.o, dist/build/Streamly/Internal/Data/IsMap/HashMap.dyn_o )
[17 of 75] Compiling Streamly.Internal.Data.SVar.Worker ( src/Streamly/Internal/Data/SVar/Worker.hs, dist/build/Streamly/Internal/Data/SVar/Worker.o, dist/build/Streamly/Internal/Data/SVar/Worker.dyn_o )
[18 of 75] Compiling Streamly.Internal.Data.SVar.Dispatch ( src/Streamly/Internal/Data/SVar/Dispatch.hs, dist/build/Streamly/Internal/Data/SVar/Dispatch.o, dist/build/Streamly/Internal/Data/SVar/Dispatch.dyn_o )
[19 of 75] Compiling Streamly.Internal.Data.SVar.Pull ( src/Streamly/Internal/Data/SVar/Pull.hs, dist/build/Streamly/Internal/Data/SVar/Pull.o, dist/build/Streamly/Internal/Data/SVar/Pull.dyn_o )
[20 of 75] Compiling Streamly.Internal.Data.SVar ( src/Streamly/Internal/Data/SVar.hs, dist/build/Streamly/Internal/Data/SVar.o, dist/build/Streamly/Internal/Data/SVar.dyn_o )
[21 of 75] Compiling Streamly.Internal.Data.Fold.SVar ( src/Streamly/Internal/Data/Fold/SVar.hs, dist/build/Streamly/Internal/Data/Fold/SVar.o, dist/build/Streamly/Internal/Data/Fold/SVar.dyn_o )
[22 of 75] Compiling Streamly.Internal.Data.Fold.Prelude ( src/Streamly/Internal/Data/Fold/Prelude.hs, dist/build/Streamly/Internal/Data/Fold/Prelude.o, dist/build/Streamly/Internal/Data/Fold/Prelude.dyn_o )
[23 of 75] Compiling Streamly.Data.Fold.Prelude ( src/Streamly/Data/Fold/Prelude.hs, dist/build/Streamly/Data/Fold/Prelude.o, dist/build/Streamly/Data/Fold/Prelude.dyn_o )
[24 of 75] Compiling Streamly.Internal.Data.Scanl.Concurrent ( src/Streamly/Internal/Data/Scanl/Concurrent.hs, dist/build/Streamly/Internal/Data/Scanl/Concurrent.o, dist/build/Streamly/Internal/Data/Scanl/Concurrent.dyn_o )
[25 of 75] Compiling Streamly.Internal.Data.Scanl.Prelude ( src/Streamly/Internal/Data/Scanl/Prelude.hs, dist/build/Streamly/Internal/Data/Scanl/Prelude.o, dist/build/Streamly/Internal/Data/Scanl/Prelude.dyn_o )
[26 of 75] Compiling Streamly.Data.Scanl.Prelude ( src/Streamly/Data/Scanl/Prelude.hs, dist/build/Streamly/Data/Scanl/Prelude.o, dist/build/Streamly/Data/Scanl/Prelude.dyn_o )
[27 of 75] Compiling Streamly.Internal.Data.Stream.Channel.Type ( src/Streamly/Internal/Data/Stream/Channel/Type.hs, dist/build/Streamly/Internal/Data/Stream/Channel/Type.o, dist/build/Streamly/Internal/Data/Stream/Channel/Type.dyn_o )
[28 of 75] Compiling Streamly.Internal.Data.Stream.Channel.Dispatcher ( src/Streamly/Internal/Data/Stream/Channel/Dispatcher.hs, dist/build/Streamly/Internal/Data/Stream/Channel/Dispatcher.o, dist/build/Streamly/Internal/Data/Stream/Channel/Dispatcher.dyn_o )
[29 of 75] Compiling Streamly.Internal.Data.Stream.Channel.Operations ( src/Streamly/Internal/Data/Stream/Channel/Operations.hs, dist/build/Streamly/Internal/Data/Stream/Channel/Operations.o, dist/build/Streamly/Internal/Data/Stream/Channel/Operations.dyn_o )
[30 of 75] Compiling Streamly.Internal.Data.Stream.Channel.Consumer ( src/Streamly/Internal/Data/Stream/Channel/Consumer.hs, dist/build/Streamly/Internal/Data/Stream/Channel/Consumer.o, dist/build/Streamly/Internal/Data/Stream/Channel/Consumer.dyn_o )
[31 of 75] Compiling Streamly.Internal.Data.Stream.Channel.Interleave ( src/Streamly/Internal/Data/Stream/Channel/Interleave.hs, dist/build/Streamly/Internal/Data/Stream/Channel/Interleave.o, dist/build/Streamly/Internal/Data/Stream/Channel/Interleave.dyn_o )
[32 of 75] Compiling Streamly.Internal.Data.Stream.Channel.Append ( src/Streamly/Internal/Data/Stream/Channel/Append.hs, dist/build/Streamly/Internal/Data/Stream/Channel/Append.o, dist/build/Streamly/Internal/Data/Stream/Channel/Append.dyn_o )
[33 of 75] Compiling Streamly.Internal.Data.Stream.Channel ( src/Streamly/Internal/Data/Stream/Channel.hs, dist/build/Streamly/Internal/Data/Stream/Channel.o, dist/build/Streamly/Internal/Data/Stream/Channel.dyn_o )
[34 of 75] Compiling Streamly.Internal.Data.Stream.Common ( src/Streamly/Internal/Data/Stream/Common.hs, dist/build/Streamly/Internal/Data/Stream/Common.o, dist/build/Streamly/Internal/Data/Stream/Common.dyn_o )
[35 of 75] Compiling Streamly.Internal.Data.Stream.Concurrent ( src/Streamly/Internal/Data/Stream/Concurrent.hs, dist/build/Streamly/Internal/Data/Stream/Concurrent.o, dist/build/Streamly/Internal/Data/Stream/Concurrent.dyn_o )
[36 of 75] Compiling Streamly.Internal.Data.Stream.Lifted ( src/Streamly/Internal/Data/Stream/Lifted.hs, dist/build/Streamly/Internal/Data/Stream/Lifted.o, dist/build/Streamly/Internal/Data/Stream/Lifted.dyn_o )
[37 of 75] Compiling Streamly.Internal.Data.Stream.MkType ( src/Streamly/Internal/Data/Stream/MkType.hs, dist/build/Streamly/Internal/Data/Stream/MkType.o, dist/build/Streamly/Internal/Data/Stream/MkType.dyn_o )
[38 of 75] Compiling Streamly.Data.Stream.MkType ( src/Streamly/Data/Stream/MkType.hs, dist/build/Streamly/Data/Stream/MkType.o, dist/build/Streamly/Data/Stream/MkType.dyn_o )
[39 of 75] Compiling Streamly.Internal.Data.Stream.Serial ( src/Streamly/Internal/Data/Stream/Serial.hs, dist/build/Streamly/Internal/Data/Stream/Serial.o, dist/build/Streamly/Internal/Data/Stream/Serial.dyn_o )
[40 of 75] Compiling Streamly.Internal.Data.Stream.SVar.Generate ( src/Streamly/Internal/Data/Stream/SVar/Generate.hs, dist/build/Streamly/Internal/Data/Stream/SVar/Generate.o, dist/build/Streamly/Internal/Data/Stream/SVar/Generate.dyn_o )
[41 of 75] Compiling Streamly.Internal.Data.Stream.SVar.Eliminate ( src/Streamly/Internal/Data/Stream/SVar/Eliminate.hs, dist/build/Streamly/Internal/Data/Stream/SVar/Eliminate.o, dist/build/Streamly/Internal/Data/Stream/SVar/Eliminate.dyn_o )
[42 of 75] Compiling Streamly.Internal.Data.Stream.SVar ( src/Streamly/Internal/Data/Stream/SVar.hs, dist/build/Streamly/Internal/Data/Stream/SVar.o, dist/build/Streamly/Internal/Data/Stream/SVar.dyn_o )
[43 of 75] Compiling Streamly.Internal.Data.Stream.Parallel ( src/Streamly/Internal/Data/Stream/Parallel.hs, dist/build/Streamly/Internal/Data/Stream/Parallel.o, dist/build/Streamly/Internal/Data/Stream/Parallel.dyn_o )
[44 of 75] Compiling Streamly.Internal.Data.Stream.Async ( src/Streamly/Internal/Data/Stream/Async.hs, dist/build/Streamly/Internal/Data/Stream/Async.o, dist/build/Streamly/Internal/Data/Stream/Async.dyn_o )
[45 of 75] Compiling Streamly.Internal.Data.Stream.Ahead ( src/Streamly/Internal/Data/Stream/Ahead.hs, dist/build/Streamly/Internal/Data/Stream/Ahead.o, dist/build/Streamly/Internal/Data/Stream/Ahead.dyn_o )
[46 of 75] Compiling Streamly.Internal.Data.Stream.Time ( src/Streamly/Internal/Data/Stream/Time.hs, dist/build/Streamly/Internal/Data/Stream/Time.o, dist/build/Streamly/Internal/Data/Stream/Time.dyn_o )
[47 of 75] Compiling Streamly.Internal.Data.Stream.Prelude ( src/Streamly/Internal/Data/Stream/Prelude.hs, dist/build/Streamly/Internal/Data/Stream/Prelude.o, dist/build/Streamly/Internal/Data/Stream/Prelude.dyn_o )
[48 of 75] Compiling Streamly.Data.Stream.Prelude ( src/Streamly/Data/Stream/Prelude.hs, dist/build/Streamly/Data/Stream/Prelude.o, dist/build/Streamly/Data/Stream/Prelude.dyn_o )
[49 of 75] Compiling Streamly.Internal.Data.Stream.Zip ( src/Streamly/Internal/Data/Stream/Zip.hs, dist/build/Streamly/Internal/Data/Stream/Zip.o, dist/build/Streamly/Internal/Data/Stream/Zip.dyn_o )
[50 of 75] Compiling Streamly.Internal.Data.Stream.ZipAsync ( src/Streamly/Internal/Data/Stream/ZipAsync.hs, dist/build/Streamly/Internal/Data/Stream/ZipAsync.o, dist/build/Streamly/Internal/Data/Stream/ZipAsync.dyn_o )
[51 of 75] Compiling Streamly.Internal.Data.Stream.IsStream.Type ( src/Streamly/Internal/Data/Stream/IsStream/Type.hs, dist/build/Streamly/Internal/Data/Stream/IsStream/Type.o, dist/build/Streamly/Internal/Data/Stream/IsStream/Type.dyn_o )
[52 of 75] Compiling Streamly.Internal.Data.Stream.IsStream.Lift ( src/Streamly/Internal/Data/Stream/IsStream/Lift.hs, dist/build/Streamly/Internal/Data/Stream/IsStream/Lift.o, dist/build/Streamly/Internal/Data/Stream/IsStream/Lift.dyn_o )
[53 of 75] Compiling Streamly.Internal.Data.Stream.IsStream.Exception ( src/Streamly/Internal/Data/Stream/IsStream/Exception.hs, dist/build/Streamly/Internal/Data/Stream/IsStream/Exception.o, dist/build/Streamly/Internal/Data/Stream/IsStream/Exception.dyn_o )
[54 of 75] Compiling Streamly.Internal.Data.Stream.IsStream.Enumeration ( src/Streamly/Internal/Data/Stream/IsStream/Enumeration.hs, dist/build/Streamly/Internal/Data/Stream/IsStream/Enumeration.o, dist/build/Streamly/Internal/Data/Stream/IsStream/Enumeration.dyn_o )
[55 of 75] Compiling Streamly.Internal.Data.Stream.IsStream.Combinators ( src/Streamly/Internal/Data/Stream/IsStream/Combinators.hs, dist/build/Streamly/Internal/Data/Stream/IsStream/Combinators.o, dist/build/Streamly/Internal/Data/Stream/IsStream/Combinators.dyn_o )
[56 of 75] Compiling Streamly.Internal.Data.Stream.IsStream.Common ( src/Streamly/Internal/Data/Stream/IsStream/Common.hs, dist/build/Streamly/Internal/Data/Stream/IsStream/Common.o, dist/build/Streamly/Internal/Data/Stream/IsStream/Common.dyn_o )
[57 of 75] Compiling Streamly.Internal.Data.Stream.IsStream.Transform ( src/Streamly/Internal/Data/Stream/IsStream/Transform.hs, dist/build/Streamly/Internal/Data/Stream/IsStream/Transform.o, dist/build/Streamly/Internal/Data/Stream/IsStream/Transform.dyn_o )
[58 of 75] Compiling Streamly.Internal.Data.Stream.IsStream.Generate ( src/Streamly/Internal/Data/Stream/IsStream/Generate.hs, dist/build/Streamly/Internal/Data/Stream/IsStream/Generate.o, dist/build/Streamly/Internal/Data/Stream/IsStream/Generate.dyn_o )
[59 of 75] Compiling Streamly.Internal.Data.Stream.IsStream.Eliminate ( src/Streamly/Internal/Data/Stream/IsStream/Eliminate.hs, dist/build/Streamly/Internal/Data/Stream/IsStream/Eliminate.o, dist/build/Streamly/Internal/Data/Stream/IsStream/Eliminate.dyn_o )
[60 of 75] Compiling Streamly.Internal.Data.Stream.IsStream.Expand ( src/Streamly/Internal/Data/Stream/IsStream/Expand.hs, dist/build/Streamly/Internal/Data/Stream/IsStream/Expand.o, dist/build/Streamly/Internal/Data/Stream/IsStream/Expand.dyn_o )
[61 of 75] Compiling Streamly.Internal.Data.Stream.IsStream.Reduce ( src/Streamly/Internal/Data/Stream/IsStream/Reduce.hs, dist/build/Streamly/Internal/Data/Stream/IsStream/Reduce.o, dist/build/Streamly/Internal/Data/Stream/IsStream/Reduce.dyn_o )
[62 of 75] Compiling Streamly.Internal.Data.Stream.IsStream.Top ( src/Streamly/Internal/Data/Stream/IsStream/Top.hs, dist/build/Streamly/Internal/Data/Stream/IsStream/Top.o, dist/build/Streamly/Internal/Data/Stream/IsStream/Top.dyn_o )
[63 of 75] Compiling Streamly.Internal.Data.Stream.IsStream ( src/Streamly/Internal/Data/Stream/IsStream.hs, dist/build/Streamly/Internal/Data/Stream/IsStream.o, dist/build/Streamly/Internal/Data/Stream/IsStream.dyn_o )
[64 of 75] Compiling Streamly.Internal.Data.Unfold.Exception ( src/Streamly/Internal/Data/Unfold/Exception.hs, dist/build/Streamly/Internal/Data/Unfold/Exception.o, dist/build/Streamly/Internal/Data/Unfold/Exception.dyn_o )
[65 of 75] Compiling Streamly.Internal.Data.Unfold.SVar ( src/Streamly/Internal/Data/Unfold/SVar.hs, dist/build/Streamly/Internal/Data/Unfold/SVar.o, dist/build/Streamly/Internal/Data/Unfold/SVar.dyn_o )
[66 of 75] Compiling Streamly.Internal.Data.Unfold.Prelude ( src/Streamly/Internal/Data/Unfold/Prelude.hs, dist/build/Streamly/Internal/Data/Unfold/Prelude.o, dist/build/Streamly/Internal/Data/Unfold/Prelude.dyn_o )
[67 of 75] Compiling Streamly.Internal.FileSystem.Event.Darwin ( src/Streamly/Internal/FileSystem/Event/Darwin.hs, dist/build/Streamly/Internal/FileSystem/Event/Darwin.o, dist/build/Streamly/Internal/FileSystem/Event/Darwin.dyn_o )
[68 of 75] Compiling Streamly.Internal.FileSystem.Event ( src/Streamly/Internal/FileSystem/Event.hs, dist/build/Streamly/Internal/FileSystem/Event.o, dist/build/Streamly/Internal/FileSystem/Event.dyn_o )
[69 of 75] Compiling Streamly.Internal.Network.Socket ( src/Streamly/Internal/Network/Socket.hs, dist/build/Streamly/Internal/Network/Socket.o, dist/build/Streamly/Internal/Network/Socket.dyn_o )
[70 of 75] Compiling Streamly.Internal.Network.Inet.TCP ( src/Streamly/Internal/Network/Inet/TCP.hs, dist/build/Streamly/Internal/Network/Inet/TCP.o, dist/build/Streamly/Internal/Network/Inet/TCP.dyn_o )
[71 of 75] Compiling Streamly.Internal.Unicode.Char ( src/Streamly/Internal/Unicode/Char.hs, dist/build/Streamly/Internal/Unicode/Char.o, dist/build/Streamly/Internal/Unicode/Char.dyn_o )
[72 of 75] Compiling Streamly.Internal.Unicode.Utf8 ( src/Streamly/Internal/Unicode/Utf8.hs, dist/build/Streamly/Internal/Unicode/Utf8.o, dist/build/Streamly/Internal/Unicode/Utf8.dyn_o )
[73 of 75] Compiling Streamly.Network.Inet.TCP ( src/Streamly/Network/Inet/TCP.hs, dist/build/Streamly/Network/Inet/TCP.o, dist/build/Streamly/Network/Inet/TCP.dyn_o )
[74 of 75] Compiling Streamly.Network.Socket ( src/Streamly/Network/Socket.hs, dist/build/Streamly/Network/Socket.o, dist/build/Streamly/Network/Socket.dyn_o )
[75 of 75] Compiling Streamly.Prelude ( src/Streamly/Prelude.hs, dist/build/Streamly/Prelude.o, dist/build/Streamly/Prelude.dyn_o )
<<ghc: 123848845936 bytes, 1794 GCs, 148862692/258506160 avg/max bytes residency (22 samples), 718M in use, 0.002 INIT (0.002 elapsed), 50.002 MUT (96.626 elapsed), 12.859 GC (13.376 elapsed) :ghc>>
<<ghc: 339781352 bytes, 43 GCs, 16796541/45176120 avg/max bytes residency (6 samples), 100M in use, 0.002 INIT (0.002 elapsed), 0.137 MUT (0.624 elapsed), 0.155 GC (0.173 elapsed) :ghc>>
<<ghc: 339737552 bytes, 43 GCs, 16794385/45168512 avg/max bytes residency (6 samples), 100M in use, 0.002 INIT (0.002 elapsed), 0.153 MUT (0.431 elapsed), 0.159 GC (0.183 elapsed) :ghc>>
Preprocessing library for streamly-0.11.1...
Running Haddock on library for streamly-0.11.1...
<no location info>: warning: [GHC-42258] [-Wunused-packages]
    The following packages were specified via -package or -package-id flags,
    but were not needed for compilation:
      - directory-1.3.10.1 (exposed by flag -package-id directory-1.3.10.1-648c)

[ 1 of 75] Compiling Streamly.Data.Array.Foreign ( src/Streamly/Data/Array/Foreign.hs, nothing ) [Flags changed]
[ 2 of 75] Compiling Streamly.Data.Fold.Tee ( src/Streamly/Data/Fold/Tee.hs, nothing ) [Flags changed]
[ 3 of 75] Compiling Streamly.Internal.Control.Concurrent ( src/Streamly/Internal/Control/Concurrent.hs, nothing ) [Flags changed]
[ 4 of 75] Compiling Streamly.Internal.Control.ForkLifted ( src/Streamly/Internal/Control/ForkLifted.hs, nothing ) [Flags changed]
[ 5 of 75] Compiling Streamly.Internal.Data.Atomics ( src/Streamly/Internal/Data/Atomics.hs, nothing ) [Flags changed]
[ 6 of 75] Compiling Streamly.Internal.Data.Channel.Types ( src/Streamly/Internal/Data/Channel/Types.hs, nothing ) [Flags changed]
[ 7 of 75] Compiling Streamly.Internal.Data.Channel.Dispatcher ( src/Streamly/Internal/Data/Channel/Dispatcher.hs, nothing ) [Flags changed]
[ 8 of 75] Compiling Streamly.Internal.Data.Channel.Worker ( src/Streamly/Internal/Data/Channel/Worker.hs, nothing ) [Flags changed]
[ 9 of 75] Compiling Streamly.Internal.Data.Channel ( src/Streamly/Internal/Data/Channel.hs, nothing ) [Flags changed]
[10 of 75] Compiling Streamly.Internal.Data.Cont ( src/Streamly/Internal/Data/Cont.hs, nothing ) [Flags changed]
[11 of 75] Compiling Streamly.Internal.Data.Fold.Channel.Type ( src/Streamly/Internal/Data/Fold/Channel/Type.hs, nothing ) [Flags changed]
[12 of 75] Compiling Streamly.Internal.Data.Fold.Channel ( src/Streamly/Internal/Data/Fold/Channel.hs, nothing ) [Flags changed]
[13 of 75] Compiling Streamly.Internal.Data.Fold.Concurrent ( src/Streamly/Internal/Data/Fold/Concurrent.hs, nothing ) [Flags changed]
[14 of 75] Compiling Streamly.Internal.Data.Fold.Time ( src/Streamly/Internal/Data/Fold/Time.hs, nothing ) [Flags changed]
[15 of 75] Compiling Streamly.Internal.Data.IOFinalizer.Lifted ( src/Streamly/Internal/Data/IOFinalizer/Lifted.hs, nothing ) [Flags changed]
[16 of 75] Compiling Streamly.Internal.Data.IsMap.HashMap ( src/Streamly/Internal/Data/IsMap/HashMap.hs, nothing ) [Flags changed]
[17 of 75] Compiling Streamly.Internal.Data.SVar.Worker ( src/Streamly/Internal/Data/SVar/Worker.hs, nothing ) [Flags changed]
[18 of 75] Compiling Streamly.Internal.Data.SVar.Dispatch ( src/Streamly/Internal/Data/SVar/Dispatch.hs, nothing ) [Flags changed]
[19 of 75] Compiling Streamly.Internal.Data.SVar.Pull ( src/Streamly/Internal/Data/SVar/Pull.hs, nothing ) [Flags changed]
[20 of 75] Compiling Streamly.Internal.Data.SVar ( src/Streamly/Internal/Data/SVar.hs, nothing ) [Flags changed]
[21 of 75] Compiling Streamly.Internal.Data.Fold.SVar ( src/Streamly/Internal/Data/Fold/SVar.hs, nothing ) [Flags changed]
[22 of 75] Compiling Streamly.Internal.Data.Fold.Prelude ( src/Streamly/Internal/Data/Fold/Prelude.hs, nothing ) [Flags changed]
[23 of 75] Compiling Streamly.Data.Fold.Prelude ( src/Streamly/Data/Fold/Prelude.hs, nothing ) [Flags changed]
[24 of 75] Compiling Streamly.Internal.Data.Scanl.Concurrent ( src/Streamly/Internal/Data/Scanl/Concurrent.hs, nothing ) [Flags changed]
[25 of 75] Compiling Streamly.Internal.Data.Scanl.Prelude ( src/Streamly/Internal/Data/Scanl/Prelude.hs, nothing ) [Flags changed]
[26 of 75] Compiling Streamly.Data.Scanl.Prelude ( src/Streamly/Data/Scanl/Prelude.hs, nothing ) [Flags changed]
[27 of 75] Compiling Streamly.Internal.Data.Stream.Channel.Type ( src/Streamly/Internal/Data/Stream/Channel/Type.hs, nothing ) [Flags changed]
[28 of 75] Compiling Streamly.Internal.Data.Stream.Channel.Dispatcher ( src/Streamly/Internal/Data/Stream/Channel/Dispatcher.hs, nothing ) [Flags changed]
[29 of 75] Compiling Streamly.Internal.Data.Stream.Channel.Operations ( src/Streamly/Internal/Data/Stream/Channel/Operations.hs, nothing ) [Flags changed]
[30 of 75] Compiling Streamly.Internal.Data.Stream.Channel.Consumer ( src/Streamly/Internal/Data/Stream/Channel/Consumer.hs, nothing ) [Flags changed]
[31 of 75] Compiling Streamly.Internal.Data.Stream.Channel.Interleave ( src/Streamly/Internal/Data/Stream/Channel/Interleave.hs, nothing ) [Flags changed]
[32 of 75] Compiling Streamly.Internal.Data.Stream.Channel.Append ( src/Streamly/Internal/Data/Stream/Channel/Append.hs, nothing ) [Flags changed]
[33 of 75] Compiling Streamly.Internal.Data.Stream.Channel ( src/Streamly/Internal/Data/Stream/Channel.hs, nothing ) [Flags changed]
[34 of 75] Compiling Streamly.Internal.Data.Stream.Common ( src/Streamly/Internal/Data/Stream/Common.hs, nothing ) [Flags changed]
[35 of 75] Compiling Streamly.Internal.Data.Stream.Concurrent ( src/Streamly/Internal/Data/Stream/Concurrent.hs, nothing ) [Flags changed]
[36 of 75] Compiling Streamly.Internal.Data.Stream.Lifted ( src/Streamly/Internal/Data/Stream/Lifted.hs, nothing ) [Flags changed]
[37 of 75] Compiling Streamly.Internal.Data.Stream.MkType ( src/Streamly/Internal/Data/Stream/MkType.hs, nothing ) [Flags changed]
[38 of 75] Compiling Streamly.Data.Stream.MkType ( src/Streamly/Data/Stream/MkType.hs, nothing ) [Flags changed]
[39 of 75] Compiling Streamly.Internal.Data.Stream.Serial ( src/Streamly/Internal/Data/Stream/Serial.hs, nothing ) [Flags changed]
[40 of 75] Compiling Streamly.Internal.Data.Stream.SVar.Generate ( src/Streamly/Internal/Data/Stream/SVar/Generate.hs, nothing ) [Flags changed]
[41 of 75] Compiling Streamly.Internal.Data.Stream.SVar.Eliminate ( src/Streamly/Internal/Data/Stream/SVar/Eliminate.hs, nothing ) [Flags changed]
[42 of 75] Compiling Streamly.Internal.Data.Stream.SVar ( src/Streamly/Internal/Data/Stream/SVar.hs, nothing ) [Flags changed]
[43 of 75] Compiling Streamly.Internal.Data.Stream.Parallel ( src/Streamly/Internal/Data/Stream/Parallel.hs, nothing ) [Flags changed]
[44 of 75] Compiling Streamly.Internal.Data.Stream.Async ( src/Streamly/Internal/Data/Stream/Async.hs, nothing ) [Flags changed]
[45 of 75] Compiling Streamly.Internal.Data.Stream.Ahead ( src/Streamly/Internal/Data/Stream/Ahead.hs, nothing ) [Flags changed]
[46 of 75] Compiling Streamly.Internal.Data.Stream.Time ( src/Streamly/Internal/Data/Stream/Time.hs, nothing ) [Flags changed]
[47 of 75] Compiling Streamly.Internal.Data.Stream.Prelude ( src/Streamly/Internal/Data/Stream/Prelude.hs, nothing ) [Flags changed]
[48 of 75] Compiling Streamly.Data.Stream.Prelude ( src/Streamly/Data/Stream/Prelude.hs, nothing ) [Flags changed]
[49 of 75] Compiling Streamly.Internal.Data.Stream.Zip ( src/Streamly/Internal/Data/Stream/Zip.hs, nothing ) [Flags changed]
[50 of 75] Compiling Streamly.Internal.Data.Stream.ZipAsync ( src/Streamly/Internal/Data/Stream/ZipAsync.hs, nothing ) [Flags changed]
[51 of 75] Compiling Streamly.Internal.Data.Stream.IsStream.Type ( src/Streamly/Internal/Data/Stream/IsStream/Type.hs, nothing ) [Flags changed]
[52 of 75] Compiling Streamly.Internal.Data.Stream.IsStream.Lift ( src/Streamly/Internal/Data/Stream/IsStream/Lift.hs, nothing ) [Flags changed]
[53 of 75] Compiling Streamly.Internal.Data.Stream.IsStream.Exception ( src/Streamly/Internal/Data/Stream/IsStream/Exception.hs, nothing ) [Flags changed]
[54 of 75] Compiling Streamly.Internal.Data.Stream.IsStream.Enumeration ( src/Streamly/Internal/Data/Stream/IsStream/Enumeration.hs, nothing ) [Flags changed]
[55 of 75] Compiling Streamly.Internal.Data.Stream.IsStream.Combinators ( src/Streamly/Internal/Data/Stream/IsStream/Combinators.hs, nothing ) [Flags changed]
[56 of 75] Compiling Streamly.Internal.Data.Stream.IsStream.Common ( src/Streamly/Internal/Data/Stream/IsStream/Common.hs, nothing ) [Flags changed]
[57 of 75] Compiling Streamly.Internal.Data.Stream.IsStream.Transform ( src/Streamly/Internal/Data/Stream/IsStream/Transform.hs, nothing ) [Flags changed]
[58 of 75] Compiling Streamly.Internal.Data.Stream.IsStream.Generate ( src/Streamly/Internal/Data/Stream/IsStream/Generate.hs, nothing ) [Flags changed]
[59 of 75] Compiling Streamly.Internal.Data.Stream.IsStream.Eliminate ( src/Streamly/Internal/Data/Stream/IsStream/Eliminate.hs, nothing ) [Flags changed]
[60 of 75] Compiling Streamly.Internal.Data.Stream.IsStream.Expand ( src/Streamly/Internal/Data/Stream/IsStream/Expand.hs, nothing ) [Flags changed]
[61 of 75] Compiling Streamly.Internal.Data.Stream.IsStream.Reduce ( src/Streamly/Internal/Data/Stream/IsStream/Reduce.hs, nothing ) [Flags changed]
[62 of 75] Compiling Streamly.Internal.Data.Stream.IsStream.Top ( src/Streamly/Internal/Data/Stream/IsStream/Top.hs, nothing ) [Flags changed]
[63 of 75] Compiling Streamly.Internal.Data.Stream.IsStream ( src/Streamly/Internal/Data/Stream/IsStream.hs, nothing ) [Flags changed]
[64 of 75] Compiling Streamly.Internal.Data.Unfold.Exception ( src/Streamly/Internal/Data/Unfold/Exception.hs, nothing ) [Flags changed]
[65 of 75] Compiling Streamly.Internal.Data.Unfold.SVar ( src/Streamly/Internal/Data/Unfold/SVar.hs, nothing ) [Flags changed]
[66 of 75] Compiling Streamly.Internal.Data.Unfold.Prelude ( src/Streamly/Internal/Data/Unfold/Prelude.hs, nothing ) [Flags changed]
[67 of 75] Compiling Streamly.Internal.FileSystem.Event.Darwin ( src/Streamly/Internal/FileSystem/Event/Darwin.hs, nothing ) [Flags changed]
[68 of 75] Compiling Streamly.Internal.FileSystem.Event ( src/Streamly/Internal/FileSystem/Event.hs, nothing ) [Flags changed]
[69 of 75] Compiling Streamly.Internal.Network.Socket ( src/Streamly/Internal/Network/Socket.hs, nothing ) [Flags changed]
[70 of 75] Compiling Streamly.Internal.Network.Inet.TCP ( src/Streamly/Internal/Network/Inet/TCP.hs, nothing ) [Flags changed]
[71 of 75] Compiling Streamly.Internal.Unicode.Char ( src/Streamly/Internal/Unicode/Char.hs, nothing ) [Flags changed]
[72 of 75] Compiling Streamly.Internal.Unicode.Utf8 ( src/Streamly/Internal/Unicode/Utf8.hs, nothing ) [Flags changed]
[73 of 75] Compiling Streamly.Network.Inet.TCP ( src/Streamly/Network/Inet/TCP.hs, nothing ) [Flags changed]
[74 of 75] Compiling Streamly.Network.Socket ( src/Streamly/Network/Socket.hs, nothing ) [Flags changed]
[75 of 75] Compiling Streamly.Prelude ( src/Streamly/Prelude.hs, nothing ) [Flags changed]
Haddock coverage:
Warning: 'Storable' is out of scope.
    If you qualify the identifier, haddock can try to link it anyway.
Warning: 'MonadIO' is out of scope.
    If you qualify the identifier, haddock can try to link it anyway.
Warning: 'Identity' is out of scope.
    If you qualify the identifier, haddock can try to link it anyway.
Warning: 'unsafePerformIO' is out of scope.
    If you qualify the identifier, haddock can try to link it anyway.
Warning: 'read' is ambiguous. It is defined
    * in ‘GHC.Internal.Text.Read’
    * in ‘Streamly.Internal.Data.Array.Type’
    You may be able to disambiguate the identifier by qualifying it or
    by specifying the type/value namespace explicitly.
    Defaulting to the one defined in ‘Streamly.Internal.Data.Array.Type’
Warning: 'IsList' is out of scope.
    If you qualify the identifier, haddock can try to link it anyway.
Warning: 'IsString' is out of scope.
    If you qualify the identifier, haddock can try to link it anyway.
Warning: 'OverloadedLists' is out of scope.
    If you qualify the identifier, haddock can try to link it anyway.
Warning: 'OverloadedStrings' is out of scope.
    If you qualify the identifier, haddock can try to link it anyway.
  80% ( 16 / 20) in 'Streamly.Data.Array.Foreign'
  Missing documentation for:
    Array
    writeN
    write
    writeLastN
  66% (  2 /  3) in 'Streamly.Data.Fold.Tee'
  Missing documentation for:
    toFold
  50% (  4 /  8) in 'Streamly.Internal.Control.Concurrent'
  Missing documentation for:
    MonadRunInIO (src/Streamly/Internal/Control/Concurrent.hs:38)
    RunInIO
    withRunInIO (src/Streamly/Internal/Control/Concurrent.hs:73)
    withRunInIONoRestore (src/Streamly/Internal/Control/Concurrent.hs:76)
 100% (  5 /  5) in 'Streamly.Internal.Control.ForkLifted'
  20% (  1 /  5) in 'Streamly.Internal.Data.Atomics'
  Missing documentation for:
    atomicModifyIORefCAS (src/Streamly/Internal/Data/Atomics.hs:35)
    atomicModifyIORefCAS_ (src/Streamly/Internal/Data/Atomics.hs:52)
    writeBarrier (src/Streamly/Internal/Data/Atomics.hs:56)
    storeLoadBarrier (src/Streamly/Internal/Data/Atomics.hs:60)
Warning: 'fromChannel' is out of scope.
    If you qualify the identifier, haddock can try to link it anyway.
Warning: 'Channel' is out of scope.
    If you qualify the identifier, haddock can try to link it anyway.
Warning: 'workerThreads' is out of scope.
    If you qualify the identifier, haddock can try to link it anyway.
Warning: 'getWorkerLatency' is out of scope.
    If you qualify the identifier, haddock can try to link it anyway.
Warning: 'WorkerInfo' is ambiguous. It is defined
    * at src/Streamly/Internal/Data/Channel/Types.hs:144:19
    * at src/Streamly/Internal/Data/Channel/Types.hs:144:1
    You may be able to disambiguate the identifier by qualifying it or
    by specifying the type/value namespace explicitly.
    Defaulting to the one defined at src/Streamly/Internal/Data/Channel/Types.hs:144:1
Warning: 'collectLatency' is out of scope.
    If you qualify the identifier, haddock can try to link it anyway.
Warning: 'workerMeasuredlatency' is out of scope.
    If you qualify the identifier, haddock can try to link it anyway.
  61% ( 29 / 47) in 'Streamly.Internal.Data.Channel'
  Missing documentation for:
    dumpCreator (src/Streamly/Internal/Data/Channel/Types.hs:398)
    dumpDoorBell (src/Streamly/Internal/Data/Channel/Types.hs:409)
    dumpNeedDoorBell (src/Streamly/Internal/Data/Channel/Types.hs:414)
    dumpOutputQ (src/Streamly/Internal/Data/Channel/Types.hs:401)
    dumpRunningThreads (src/Streamly/Internal/Data/Channel/Types.hs:419)
    dumpWorkerCount (src/Streamly/Internal/Data/Channel/Types.hs:424)
    incrementYieldLimit (src/Streamly/Internal/Data/Channel/Types.hs:340)
    newSVarStats (src/Streamly/Internal/Data/Channel/Types.hs:287)
    printSVar (src/Streamly/Internal/Data/Channel/Types.hs:456)
    Count (src/Streamly/Internal/Data/Channel/Types.hs:95)
    LatencyRange (src/Streamly/Internal/Data/Channel/Types.hs:154)
    Limit (src/Streamly/Internal/Data/Channel/Types.hs:110)
    SVarStats (src/Streamly/Internal/Data/Channel/Types.hs:231)
    addThread (src/Streamly/Internal/Data/Channel/Dispatcher.hs:280)
    delThread (src/Streamly/Internal/Data/Channel/Dispatcher.hs:288)
    dumpSVarStats (src/Streamly/Internal/Data/Channel/Dispatcher.hs:201)
    modifyThread (src/Streamly/Internal/Data/Channel/Dispatcher.hs:297)
    recordMaxWorkers (src/Streamly/Internal/Data/Channel/Dispatcher.hs:320)
 100% (  2 /  2) in 'Streamly.Internal.Data.Cont'
Warning: 'forkOS' is out of scope.
    If you qualify the identifier, haddock can try to link it anyway.
Warning: 'forkIO' is out of scope.
    If you qualify the identifier, haddock can try to link it anyway.
Warning: 'Channel' is ambiguous. It is defined
    * at src/Streamly/Internal/Data/Fold/Channel/Type.hs:91:22
    * at src/Streamly/Internal/Data/Fold/Channel/Type.hs:91:1
    You may be able to disambiguate the identifier by qualifying it or
    by specifying the type/value namespace explicitly.
    Defaulting to the one defined at src/Streamly/Internal/Data/Fold/Channel/Type.hs:91:1
Warning: 'performMajorGC' is out of scope.
    If you qualify the identifier, haddock can try to link it anyway.
Warning: 'maxThreads' is out of scope.
    If you qualify the identifier, haddock can try to link it anyway.
Warning: 'ZipAsyncM' is out of scope.
    If you qualify the identifier, haddock can try to link it anyway.
Warning: 'demux' is out of scope.
    If you qualify the identifier, haddock can try to link it anyway.
Warning: 'toMap' is out of scope.
    If you qualify the identifier, haddock can try to link it anyway.
Warning: 'demuxToMap' is out of scope.
    If you qualify the identifier, haddock can try to link it anyway.
Warning: 'classify' is out of scope.
    If you qualify the identifier, haddock can try to link it anyway.
Warning: 'tee' is out of scope.
    If you qualify the identifier, haddock can try to link it anyway.
Warning: 'distribute' is out of scope.
    If you qualify the identifier, haddock can try to link it anyway.
Warning: 'partition' is out of scope.
    If you qualify the identifier, haddock can try to link it anyway.
Warning: 'newFinalizer' is out of scope.
    If you qualify the identifier, haddock can try to link it anyway.
 100% (  5 /  5) in 'Streamly.Internal.Data.IOFinalizer.Lifted'
 100% (  1 /  1) in 'Streamly.Internal.Data.IsMap.HashMap'
  14% (  9 / 64) in 'Streamly.Internal.Data.SVar'
  Missing documentation for:
    decrementBufferLimit (src/Streamly/Internal/Data/SVar/Worker.hs:111)
    decrementYieldLimit (src/Streamly/Internal/Data/SVar/Worker.hs:87)
    estimateWorkers (src/Streamly/Internal/Data/SVar/Worker.hs:361)
    handleChildException (src/Streamly/Internal/Data/SVar/Worker.hs:545)
    handleFoldException (src/Streamly/Internal/Data/SVar/Worker.hs:539)
    incrementBufferLimit (src/Streamly/Internal/Data/SVar/Worker.hs:159)
    incrementYieldLimit (src/Streamly/Internal/Data/SVar/Worker.hs:96)
    isBeyondMaxRate (src/Streamly/Internal/Data/SVar/Worker.hs:434)
    resetBufferLimit (src/Streamly/Internal/Data/SVar/Worker.hs:169)
    ringDoorBell (src/Streamly/Internal/Data/SVar/Worker.hs:197)
    sendStop (src/Streamly/Internal/Data/SVar/Worker.hs:518)
    sendStopToProducer (src/Streamly/Internal/Data/SVar/Worker.hs:529)
    sendToProducer (src/Streamly/Internal/Data/SVar/Worker.hs:237)
    sendYield (src/Streamly/Internal/Data/SVar/Worker.hs:489)
    updateYieldCount (src/Streamly/Internal/Data/SVar/Worker.hs:180)
    workerRateControl (src/Streamly/Internal/Data/SVar/Worker.hs:473)
    workerUpdateLatency (src/Streamly/Internal/Data/SVar/Worker.hs:278)
    Work (src/Streamly/Internal/Data/SVar/Worker.hs:300)
    collectLatency (src/Streamly/Internal/Data/SVar/Dispatch.hs:154)
    delThread (src/Streamly/Internal/Data/SVar/Dispatch.hs:354)
    dispatchWorker (src/Streamly/Internal/Data/SVar/Dispatch.hs:462)
    dispatchWorkerPaced (src/Streamly/Internal/Data/SVar/Dispatch.hs:522)
    dumpSVar (src/Streamly/Internal/Data/SVar/Dispatch.hs:254)
    modifyThread (src/Streamly/Internal/Data/SVar/Dispatch.hs:363)
    printSVar (src/Streamly/Internal/Data/SVar/Dispatch.hs:328)
    pushWorker (src/Streamly/Internal/Data/SVar/Dispatch.hs:394)
    recordMaxWorkers (src/Streamly/Internal/Data/SVar/Dispatch.hs:386)
    sendFirstWorker (src/Streamly/Internal/Data/SVar/Dispatch.hs:706)
    sendWorkerDelay (src/Streamly/Internal/Data/SVar/Dispatch.hs:724)
    sendWorkerDelayPaced (src/Streamly/Internal/Data/SVar/Dispatch.hs:721)
    sendWorkerWait (src/Streamly/Internal/Data/SVar/Dispatch.hs:633)
    withDiagMVar (src/Streamly/Internal/Data/SVar/Dispatch.hs:319)
    cleanupSVar (src/Streamly/Internal/Data/SVar/Pull.hs:157)
    cleanupSVarFromWorker (src/Streamly/Internal/Data/SVar/Pull.hs:163)
    postProcessBounded (src/Streamly/Internal/Data/SVar/Pull.hs:130)
    postProcessPaced (src/Streamly/Internal/Data/SVar/Pull.hs:111)
    readOutputQBasic (src/Streamly/Internal/Data/SVar/Pull.hs:52)
    readOutputQBounded (src/Streamly/Internal/Data/SVar/Pull.hs:65)
    readOutputQPaced (src/Streamly/Internal/Data/SVar/Pull.hs:93)
    readOutputQRaw (src/Streamly/Internal/Data/SVar/Pull.hs:56)
    getYieldRateInfo (src/Streamly/Internal/Data/SVar.hs:72)
    newSVarStats (src/Streamly/Internal/Data/SVar.hs:108)
    newParallelVar (src/Streamly/Internal/Data/SVar.hs:537)
    enqueueAhead (src/Streamly/Internal/Data/SVar.hs:197)
    reEnqueueAhead (src/Streamly/Internal/Data/SVar.hs:206)
    queueEmptyAhead (src/Streamly/Internal/Data/SVar.hs:234)
    dequeueAhead (src/Streamly/Internal/Data/SVar.hs:241)
    HeapDequeueResult (src/Streamly/Internal/Data/SVar.hs:258)
    dequeueFromHeap (src/Streamly/Internal/Data/SVar.hs:267)
    dequeueFromHeapSeq (src/Streamly/Internal/Data/SVar.hs:285)
    requeueOnHeapTop (src/Streamly/Internal/Data/SVar.hs:310)
    updateHeapSeq (src/Streamly/Internal/Data/SVar.hs:319)
    withIORef (src/Streamly/Internal/Data/SVar.hs:252)
    heapIsSane (src/Streamly/Internal/Data/SVar.hs:299)
    newAheadVar (src/Streamly/Internal/Data/SVar.hs:436)
Warning: 'toSVar' is out of scope.
    If you qualify the identifier, haddock can try to link it anyway.
  81% ( 30 / 37) in 'Streamly.Internal.Data.Fold.Prelude'
  Missing documentation for:
    cleanup (src/Streamly/Internal/Data/Fold/Channel/Type.hs:640)
    finalize (src/Streamly/Internal/Data/Fold/Channel/Type.hs:647)
    newChannel (src/Streamly/Internal/Data/Fold/Channel/Type.hs:512)
    newChannelWith (src/Streamly/Internal/Data/Fold/Channel/Type.hs:420)
    newChannelWithScan (src/Streamly/Internal/Data/Fold/Channel/Type.hs:486)
    newScanChannel (src/Streamly/Internal/Data/Fold/Channel/Type.hs:522)
    OutEvent (src/Streamly/Internal/Data/Fold/Channel/Type.hs:67)
 100% ( 25 / 25) in 'Streamly.Data.Fold.Prelude'
  72% ( 18 / 25) in 'Streamly.Internal.Data.Scanl.Prelude'
  Missing documentation for:
    cleanup (src/Streamly/Internal/Data/Fold/Channel/Type.hs:640)
    finalize (src/Streamly/Internal/Data/Fold/Channel/Type.hs:647)
    newChannel (src/Streamly/Internal/Data/Fold/Channel/Type.hs:512)
    newChannelWith (src/Streamly/Internal/Data/Fold/Channel/Type.hs:420)
    newChannelWithScan (src/Streamly/Internal/Data/Fold/Channel/Type.hs:486)
    newScanChannel (src/Streamly/Internal/Data/Fold/Channel/Type.hs:522)
    OutEvent (src/Streamly/Internal/Data/Fold/Channel/Type.hs:67)
 100% ( 19 / 19) in 'Streamly.Data.Scanl.Prelude'
Warning: 'forkOS' is out of scope.
    If you qualify the identifier, haddock can try to link it anyway.
Warning: 'forkIO' is out of scope.
    If you qualify the identifier, haddock can try to link it anyway.
Warning: 'Channel' is ambiguous. It is defined
    * at src/Streamly/Internal/Data/Stream/Channel/Type.hs:122:20
    * at src/Streamly/Internal/Data/Stream/Channel/Type.hs:122:1
    You may be able to disambiguate the identifier by qualifying it or
    by specifying the type/value namespace explicitly.
    Defaulting to the one defined at src/Streamly/Internal/Data/Stream/Channel/Type.hs:122:1
Warning: 'ZipAsyncM' is out of scope.
    If you qualify the identifier, haddock can try to link it anyway.
Warning: 'Rate' is ambiguous. It is defined
    * at src/Streamly/Internal/Data/Channel/Types.hs:266:13
    * at src/Streamly/Internal/Data/Channel/Types.hs:266:1
    You may be able to disambiguate the identifier by qualifying it or
    by specifying the type/value namespace explicitly.
    Defaulting to the one defined at src/Streamly/Internal/Data/Channel/Types.hs:266:1
Warning: 'WorkerInfo' is ambiguous. It is defined
    * at src/Streamly/Internal/Data/Channel/Types.hs:144:19
    * at src/Streamly/Internal/Data/Channel/Types.hs:144:1
    You may be able to disambiguate the identifier by qualifying it or
    by specifying the type/value namespace explicitly.
    Defaulting to the one defined at src/Streamly/Internal/Data/Channel/Types.hs:144:1
Warning: 'AcquireIO' is ambiguous. It is defined
    * in ‘Streamly.Internal.Control.Exception’
    * in ‘Streamly.Internal.Control.Exception’
    You may be able to disambiguate the identifier by qualifying it or
    by specifying the type/value namespace explicitly.
    Defaulting to the one defined in ‘Streamly.Internal.Control.Exception’
Warning: 'ThreadAbort' is ambiguous. It is defined
    * at src/Streamly/Internal/Data/Channel/Types.hs:130:20
    * at src/Streamly/Internal/Data/Channel/Types.hs:130:1
    You may be able to disambiguate the identifier by qualifying it or
    by specifying the type/value namespace explicitly.
    Defaulting to the one defined at src/Streamly/Internal/Data/Channel/Types.hs:130:1
Warning: 'inspect' is out of scope.
    If you qualify the identifier, haddock can try to link it anyway.
Warning: 'chanConcatMapK' is out of scope.
    If you qualify the identifier, haddock can try to link it anyway.
Warning: 'fromSVar' is out of scope.
    If you qualify the identifier, haddock can try to link it anyway.
Warning: 'sendWorkerWait' is out of scope.
    If you qualify the identifier, haddock can try to link it anyway.
Warning: 'fromChannelK' is out of scope.
    If you qualify the identifier, haddock can try to link it anyway.
Warning: 'parConcatMapChanK' is out of scope.
    If you qualify the identifier, haddock can try to link it anyway.
Warning: 'StreamK' is out of scope.
    If you qualify the identifier, haddock can try to link it anyway.
Warning: 'concatIterate' is out of scope.
    If you qualify the identifier, haddock can try to link it anyway.
Warning: 'concat' is out of scope.
    If you qualify the identifier, haddock can try to link it anyway.
Warning: 'mergeBy' is out of scope.
    If you qualify the identifier, haddock can try to link it anyway.
Warning: 'mergeByM' is out of scope.
    If you qualify the identifier, haddock can try to link it anyway.
Warning: 'after_' is out of scope.
    If you qualify the identifier, haddock can try to link it anyway.
Warning: 'bracket_' is out of scope.
    If you qualify the identifier, haddock can try to link it anyway.
Warning: 'finally_' is out of scope.
    If you qualify the identifier, haddock can try to link it anyway.
 100% ( 12 / 12) in 'Streamly.Internal.Data.Stream.MkType'
Warning: 'Stream' is out of scope.
    If you qualify the identifier, haddock can try to link it anyway.
Warning: 'Nested' is out of scope.
    If you qualify the identifier, haddock can try to link it anyway.
 100% ( 16 / 16) in 'Streamly.Data.Stream.MkType'
Warning: 'concatMapWith' is out of scope.
    If you qualify the identifier, haddock can try to link it anyway.
Warning: 'SerialT' is ambiguous. It is defined
    * at src/Streamly/Internal/Data/Stream/Serial.hs:135:23
    * at src/Streamly/Internal/Data/Stream/Serial.hs:135:1
    You may be able to disambiguate the identifier by qualifying it or
    by specifying the type/value namespace explicitly.
    Defaulting to the one defined at src/Streamly/Internal/Data/Stream/Serial.hs:135:1
Warning: 'WSerialT' is ambiguous. It is defined
    * at src/Streamly/Internal/Data/Stream/Serial.hs:326:24
    * at src/Streamly/Internal/Data/Stream/Serial.hs:326:1
    You may be able to disambiguate the identifier by qualifying it or
    by specifying the type/value namespace explicitly.
    Defaulting to the one defined at src/Streamly/Internal/Data/Stream/Serial.hs:326:1
  64% ( 16 / 25) in 'Streamly.Internal.Data.Stream.Serial'
  Missing documentation for:
    toStreamK (src/Streamly/Internal/Data/Stream/Serial.hs:148)
    fromStreamK (src/Streamly/Internal/Data/Stream/Serial.hs:151)
    serial (src/Streamly/Internal/Data/Stream/Serial.hs:183)
    wSerialFst (src/Streamly/Internal/Data/Stream/Serial.hs:377)
    wSerialMin (src/Streamly/Internal/Data/Stream/Serial.hs:381)
    consMWSerial (src/Streamly/Internal/Data/Stream/Serial.hs:343)
    cons (src/Streamly/Internal/Data/Stream/Serial.hs:161)
    consM (src/Streamly/Internal/Data/Stream/Serial.hs:168)
    mapM (src/Streamly/Internal/Data/Stream/Serial.hs:218)
Warning: 'SVar' is ambiguous. It is defined
    * in ‘Streamly.Internal.Data.SVar.Type’
    * in ‘Streamly.Internal.Data.SVar.Type’
    You may be able to disambiguate the identifier by qualifying it or
    by specifying the type/value namespace explicitly.
    Defaulting to the one defined in ‘Streamly.Internal.Data.SVar.Type’
Warning: 'Fold' is ambiguous. It is defined
    * in ‘Streamly.Internal.Data.Fold.Type’
    * in ‘Streamly.Internal.Data.Fold.Type’
    You may be able to disambiguate the identifier by qualifying it or
    by specifying the type/value namespace explicitly.
    Defaulting to the one defined in ‘Streamly.Internal.Data.Fold.Type’
Warning: 'fromSVar' is out of scope.
    If you qualify the identifier, haddock can try to link it anyway.
 100% ( 10 / 10) in 'Streamly.Internal.Data.Stream.SVar'
Warning: 'mkParallel' is out of scope.
    If you qualify the identifier, haddock can try to link it anyway.
Warning: 'parallel' is out of scope.
    If you qualify the identifier, haddock can try to link it anyway.
Warning: 'tapAsync' is out of scope.
    If you qualify the identifier, haddock can try to link it anyway.
Warning: 'tap' is out of scope.
    If you qualify the identifier, haddock can try to link it anyway.
Warning: 'ParallelT' is ambiguous. It is defined
    * at src/Streamly/Internal/Data/Stream/Parallel.hs:443:25
    * at src/Streamly/Internal/Data/Stream/Parallel.hs:443:1
    You may be able to disambiguate the identifier by qualifying it or
    by specifying the type/value namespace explicitly.
    Defaulting to the one defined at src/Streamly/Internal/Data/Stream/Parallel.hs:443:1
Warning: 'AsyncT' is out of scope.
    If you qualify the identifier, haddock can try to link it anyway.
  94% ( 16 / 17) in 'Streamly.Internal.Data.Stream.Parallel'
  Missing documentation for:
    parallelK (src/Streamly/Internal/Data/Stream/Parallel.hs:250)
Warning: 'AsyncT' is ambiguous. It is defined
    * at src/Streamly/Internal/Data/Stream/Async.hs:750:22
    * at src/Streamly/Internal/Data/Stream/Async.hs:750:1
    You may be able to disambiguate the identifier by qualifying it or
    by specifying the type/value namespace explicitly.
    Defaulting to the one defined at src/Streamly/Internal/Data/Stream/Async.hs:750:1
Warning: 'async' is out of scope.
    If you qualify the identifier, haddock can try to link it anyway.
Warning: 'WAsyncT' is ambiguous. It is defined
    * at src/Streamly/Internal/Data/Stream/Async.hs:983:23
    * at src/Streamly/Internal/Data/Stream/Async.hs:983:1
    You may be able to disambiguate the identifier by qualifying it or
    by specifying the type/value namespace explicitly.
    Defaulting to the one defined at src/Streamly/Internal/Data/Stream/Async.hs:983:1
Warning: 'wAsync' is out of scope.
    If you qualify the identifier, haddock can try to link it anyway.
Warning: 'SVar' is ambiguous. It is defined
    * in ‘Streamly.Internal.Data.SVar.Type’
    * in ‘Streamly.Internal.Data.SVar.Type’
    You may be able to disambiguate the identifier by qualifying it or
    by specifying the type/value namespace explicitly.
    Defaulting to the one defined in ‘Streamly.Internal.Data.SVar.Type’
Warning: 'parallel' is out of scope.
    If you qualify the identifier, haddock can try to link it anyway.
Warning: 'a' is out of scope.
    If you qualify the identifier, haddock can try to link it anyway.
Warning: 'b' is out of scope.
    If you qualify the identifier, haddock can try to link it anyway.
Warning: 'adapt' is out of scope.
    If you qualify the identifier, haddock can try to link it anyway.
Warning: 'Parallel' is out of scope.
    If you qualify the identifier, haddock can try to link it anyway.
  72% (  8 / 11) in 'Streamly.Internal.Data.Stream.Async'
  Missing documentation for:
    asyncK (src/Streamly/Internal/Data/Stream/Async.hs:690)
    mkAsyncD (src/Streamly/Internal/Data/Stream/Async.hs:569)
    wAsyncK (src/Streamly/Internal/Data/Stream/Async.hs:841)
Warning: 'AheadT' is ambiguous. It is defined
    * at src/Streamly/Internal/Data/Stream/Ahead.hs:698:22
    * at src/Streamly/Internal/Data/Stream/Ahead.hs:698:1
    You may be able to disambiguate the identifier by qualifying it or
    by specifying the type/value namespace explicitly.
    Defaulting to the one defined at src/Streamly/Internal/Data/Stream/Ahead.hs:698:1
Warning: 'ahead' is out of scope.
    If you qualify the identifier, haddock can try to link it anyway.
  80% (  4 /  5) in 'Streamly.Internal.Data.Stream.Ahead'
  Missing documentation for:
    aheadK (src/Streamly/Internal/Data/Stream/Ahead.hs:633)
Warning: 'sampleInterval' is out of scope.
    If you qualify the identifier, haddock can try to link it anyway.
Warning: '()' is out of scope.
    If you qualify the identifier, haddock can try to link it anyway.
Warning: 'chunksOf' is out of scope.
    If you qualify the identifier, haddock can try to link it anyway.
Warning: 'groupsOf' is out of scope.
    If you qualify the identifier, haddock can try to link it anyway.
  86% (113 /130) in 'Streamly.Internal.Data.Stream.Prelude'
  Missing documentation for:
    channelDone (src/Streamly/Internal/Data/Stream/Channel/Type.hs:829)
    getCleanup (src/Streamly/Internal/Data/Stream/Channel/Type.hs:634)
    getEagerDispatch (src/Streamly/Internal/Data/Stream/Channel/Type.hs:539)
    getInspectMode (src/Streamly/Internal/Data/Stream/Channel/Type.hs:522)
    getInterleaved (src/Streamly/Internal/Data/Stream/Channel/Type.hs:571)
    getMaxBuffer (src/Streamly/Internal/Data/Stream/Channel/Type.hs:468)
    getMaxThreads (src/Streamly/Internal/Data/Stream/Channel/Type.hs:442)
    getOrdered (src/Streamly/Internal/Data/Stream/Channel/Type.hs:557)
    getStopWhen (src/Streamly/Internal/Data/Stream/Channel/Type.hs:546)
    getStreamRate (src/Streamly/Internal/Data/Stream/Channel/Type.hs:498)
    getYieldLimit (src/Streamly/Internal/Data/Stream/Channel/Type.hs:420)
    newRateInfo (src/Streamly/Internal/Data/Stream/Channel/Type.hs:641)
    classifySessionsByGeneric (src/Streamly/Internal/Data/Stream/Time.hs:602)
    groupsOfTimeout (src/Streamly/Internal/Data/Stream/Time.hs:297)
    sampleBurst (src/Streamly/Internal/Data/Stream/Time.hs:895)
    afterD (src/Streamly/Internal/Data/Stream/Lifted.hs:209)
    bracket3D (src/Streamly/Internal/Data/Stream/Lifted.hs:123)
Warning: 'fromListM' is out of scope.
    If you qualify the identifier, haddock can try to link it anyway.
Warning: 'sequence' is ambiguous. It is defined
    * in ‘GHC.Internal.Data.Traversable’
    * in ‘Streamly.Internal.Data.Stream.Transform’
    You may be able to disambiguate the identifier by qualifying it or
    by specifying the type/value namespace explicitly.
    Defaulting to the one defined in ‘Streamly.Internal.Data.Stream.Transform’
Warning: 'mapM' is ambiguous. It is defined
    * in ‘GHC.Internal.Data.Traversable’
    * in ‘Streamly.Internal.Data.Stream.Type’
    You may be able to disambiguate the identifier by qualifying it or
    by specifying the type/value namespace explicitly.
    Defaulting to the one defined in ‘Streamly.Internal.Data.Stream.Type’
 100% ( 87 / 87) in 'Streamly.Data.Stream.Prelude'
Warning: 'ZipSerialM' is ambiguous. It is defined
    * at src/Streamly/Internal/Data/Stream/Zip.hs:119:26
    * at src/Streamly/Internal/Data/Stream/Zip.hs:119:1
    You may be able to disambiguate the identifier by qualifying it or
    by specifying the type/value namespace explicitly.
    Defaulting to the one defined at src/Streamly/Internal/Data/Stream/Zip.hs:119:1
  55% (  5 /  9) in 'Streamly.Internal.Data.Stream.Zip'
  Missing documentation for:
    consMZip (src/Streamly/Internal/Data/Stream/Zip.hs:135)
    zipWithK (src/Streamly/Internal/Data/Stream/Zip.hs:95)
    zipWithMK (src/Streamly/Internal/Data/Stream/Zip.hs:89)
    ZipConcurrent (src/Streamly/Internal/Data/Stream/Zip.hs:157)
Warning: 'zipWith' is out of scope.
    If you qualify the identifier, haddock can try to link it anyway.
Warning: 'ParallelT' is out of scope.
    If you qualify the identifier, haddock can try to link it anyway.
Warning: 'maxBuffer' is out of scope.
    If you qualify the identifier, haddock can try to link it anyway.
Warning: 'zipAsyncWith' is out of scope.
    If you qualify the identifier, haddock can try to link it anyway.
Warning: 'ZipAsyncM' is ambiguous. It is defined
    * at src/Streamly/Internal/Data/Stream/ZipAsync.hs:112:25
    * at src/Streamly/Internal/Data/Stream/ZipAsync.hs:112:1
    You may be able to disambiguate the identifier by qualifying it or
    by specifying the type/value namespace explicitly.
    Defaulting to the one defined at src/Streamly/Internal/Data/Stream/ZipAsync.hs:112:1
  83% (  5 /  6) in 'Streamly.Internal.Data.Stream.ZipAsync'
  Missing documentation for:
    consMZipAsync (src/Streamly/Internal/Data/Stream/ZipAsync.hs:123)
Warning: 'async' is out of scope.
    If you qualify the identifier, haddock can try to link it anyway.
Warning: 'foldMap' is out of scope.
    If you qualify the identifier, haddock can try to link it anyway.
Warning: 'AheadT' is ambiguous. It is defined
    * at src/Streamly/Internal/Data/Stream/Ahead.hs:698:22
    * at src/Streamly/Internal/Data/Stream/Ahead.hs:698:1
    You may be able to disambiguate the identifier by qualifying it or
    by specifying the type/value namespace explicitly.
    Defaulting to the one defined at src/Streamly/Internal/Data/Stream/Ahead.hs:698:1
Warning: 'AsyncT' is ambiguous. It is defined
    * at src/Streamly/Internal/Data/Stream/Async.hs:750:22
    * at src/Streamly/Internal/Data/Stream/Async.hs:750:1
    You may be able to disambiguate the identifier by qualifying it or
    by specifying the type/value namespace explicitly.
    Defaulting to the one defined at src/Streamly/Internal/Data/Stream/Async.hs:750:1
Warning: 'ParallelT' is ambiguous. It is defined
    * at src/Streamly/Internal/Data/Stream/Parallel.hs:443:25
    * at src/Streamly/Internal/Data/Stream/Parallel.hs:443:1
    You may be able to disambiguate the identifier by qualifying it or
    by specifying the type/value namespace explicitly.
    Defaulting to the one defined at src/Streamly/Internal/Data/Stream/Parallel.hs:443:1
Warning: 'WAsyncT' is ambiguous. It is defined
    * at src/Streamly/Internal/Data/Stream/Async.hs:983:23
    * at src/Streamly/Internal/Data/Stream/Async.hs:983:1
    You may be able to disambiguate the identifier by qualifying it or
    by specifying the type/value namespace explicitly.
    Defaulting to the one defined at src/Streamly/Internal/Data/Stream/Async.hs:983:1
Warning: 'WSerialT' is ambiguous. It is defined
    * at src/Streamly/Internal/Data/Stream/Serial.hs:326:24
    * at src/Streamly/Internal/Data/Stream/Serial.hs:326:1
    You may be able to disambiguate the identifier by qualifying it or
    by specifying the type/value namespace explicitly.
    Defaulting to the one defined at src/Streamly/Internal/Data/Stream/Serial.hs:326:1
Warning: 'ZipAsyncM' is ambiguous. It is defined
    * at src/Streamly/Internal/Data/Stream/ZipAsync.hs:112:25
    * at src/Streamly/Internal/Data/Stream/ZipAsync.hs:112:1
    You may be able to disambiguate the identifier by qualifying it or
    by specifying the type/value namespace explicitly.
    Defaulting to the one defined at src/Streamly/Internal/Data/Stream/ZipAsync.hs:112:1
Warning: 'SVar' is out of scope.
    If you qualify the identifier, haddock can try to link it anyway.
Warning: 'a' is out of scope.
    If you qualify the identifier, haddock can try to link it anyway.
Warning: 'm' is out of scope.
    If you qualify the identifier, haddock can try to link it anyway.
Warning: ':' is out of scope.
    If you qualify the identifier, haddock can try to link it anyway.
Warning: 'Identity' is ambiguous. It is defined
    * in ‘GHC.Internal.Data.Functor.Identity’
    * in ‘GHC.Internal.Data.Functor.Identity’
    You may be able to disambiguate the identifier by qualifying it or
    by specifying the type/value namespace explicitly.
    Defaulting to the one defined in ‘GHC.Internal.Data.Functor.Identity’
Warning: 'scanl'' is out of scope.
    If you qualify the identifier, haddock can try to link it anyway.
Warning: 'ZipAsyncM' is out of scope.
    If you qualify the identifier, haddock can try to link it anyway.
Warning: 'ParallelT' is out of scope.
    If you qualify the identifier, haddock can try to link it anyway.
Warning: 'Rate' is ambiguous. It is defined
    * in ‘Streamly.Internal.Data.SVar.Type’
    * in ‘Streamly.Internal.Data.SVar.Type’
    You may be able to disambiguate the identifier by qualifying it or
    by specifying the type/value namespace explicitly.
    Defaulting to the one defined in ‘Streamly.Internal.Data.SVar.Type’
Warning: 'n' is out of scope.
    If you qualify the identifier, haddock can try to link it anyway.
Warning: 'Fold' is ambiguous. It is defined
    * in ‘Streamly.Internal.Data.Fold.Type’
    * in ‘Streamly.Internal.Data.Fold.Type’
    You may be able to disambiguate the identifier by qualifying it or
    by specifying the type/value namespace explicitly.
    Defaulting to the one defined in ‘Streamly.Internal.Data.Fold.Type’
Warning: 'foldMany' is out of scope.
    If you qualify the identifier, haddock can try to link it anyway.
Warning: 'parallel' is out of scope.
    If you qualify the identifier, haddock can try to link it anyway.
Warning: 'postscanl'' is out of scope.
    If you qualify the identifier, haddock can try to link it anyway.
Warning: 'fromParallel' is out of scope.
    If you qualify the identifier, haddock can try to link it anyway.
Warning: 'scanlM'' is out of scope.
    If you qualify the identifier, haddock can try to link it anyway.
Warning: 'splitOn' is out of scope.
    If you qualify the identifier, haddock can try to link it anyway.
Warning: 'intercalate' is out of scope.
    If you qualify the identifier, haddock can try to link it anyway.
Warning: 'foldrM' is out of scope.
    If you qualify the identifier, haddock can try to link it anyway.
Warning: 'mergeBy' is out of scope.
    If you qualify the identifier, haddock can try to link it anyway.
Warning: 'fromPure' is out of scope.
    If you qualify the identifier, haddock can try to link it anyway.
Warning: 'fromParallel' is out of scope.
    If you qualify the identifier, haddock can try to link it anyway.
Warning: 'usingStateT' is out of scope.
    If you qualify the identifier, haddock can try to link it anyway.
Warning: 'Fold' is ambiguous. It is defined
    * in ‘Streamly.Internal.Data.Fold.Type’
    * in ‘Streamly.Internal.Data.Fold.Type’
    You may be able to disambiguate the identifier by qualifying it or
    by specifying the type/value namespace explicitly.
    Defaulting to the one defined in ‘Streamly.Internal.Data.Fold.Type’
Warning: 'tapAsyncF' is out of scope.
    If you qualify the identifier, haddock can try to link it anyway.
Warning: 'Pipe' is ambiguous. It is defined
    * in ‘Streamly.Internal.Data.Pipe.Type’
    * in ‘Streamly.Internal.Data.Pipe.Type’
    You may be able to disambiguate the identifier by qualifying it or
    by specifying the type/value namespace explicitly.
    Defaulting to the one defined in ‘Streamly.Internal.Data.Pipe.Type’
Warning: 'fromParallel' is out of scope.
    If you qualify the identifier, haddock can try to link it anyway.
Warning: 'Unboxed' is out of scope.
    If you qualify the identifier, haddock can try to link it anyway.
Warning: 'IORef' is out of scope.
    If you qualify the identifier, haddock can try to link it anyway.
Warning: 'Rate' is ambiguous. It is defined
    * in ‘Streamly.Internal.Data.SVar.Type’
    * in ‘Streamly.Internal.Data.SVar.Type’
    You may be able to disambiguate the identifier by qualifying it or
    by specifying the type/value namespace explicitly.
    Defaulting to the one defined in ‘Streamly.Internal.Data.SVar.Type’
Warning: 'fromAsync' is out of scope.
    If you qualify the identifier, haddock can try to link it anyway.
Warning: 'Parser' is ambiguous. It is defined
    * in ‘Streamly.Internal.Data.Parser.Type’
    * in ‘Streamly.Internal.Data.Parser.Type’
    You may be able to disambiguate the identifier by qualifying it or
    by specifying the type/value namespace explicitly.
    Defaulting to the one defined in ‘Streamly.Internal.Data.Parser.Type’
Warning: 'Identity' is out of scope.
    If you qualify the identifier, haddock can try to link it anyway.
Warning: 'Fold' is out of scope.
    If you qualify the identifier, haddock can try to link it anyway.
Warning: 'concatMapWith' is out of scope.
    If you qualify the identifier, haddock can try to link it anyway.
Warning: 'intersperse' is out of scope.
    If you qualify the identifier, haddock can try to link it anyway.
Warning: 'intersperseMSuffix' is out of scope.
    If you qualify the identifier, haddock can try to link it anyway.
Warning: 'iterateM' is out of scope.
    If you qualify the identifier, haddock can try to link it anyway.
Warning: 'iterateMap' is out of scope.
    If you qualify the identifier, haddock can try to link it anyway.
Warning: 'usingState' is out of scope.
    If you qualify the identifier, haddock can try to link it anyway.
Warning: 'mfix' is out of scope.
    If you qualify the identifier, haddock can try to link it anyway.
Warning: 'WSerialT' is out of scope.
    If you qualify the identifier, haddock can try to link it anyway.
Warning: 'WAsyncT' is out of scope.
    If you qualify the identifier, haddock can try to link it anyway.
Warning: 'ParallelT' is out of scope.
    If you qualify the identifier, haddock can try to link it anyway.
Warning: 'maxBuffer' is out of scope.
    If you qualify the identifier, haddock can try to link it anyway.
Warning: 'Fold' is ambiguous. It is defined
    * in ‘Streamly.Internal.Data.Fold.Type’
    * in ‘Streamly.Internal.Data.Fold.Type’
    You may be able to disambiguate the identifier by qualifying it or
    by specifying the type/value namespace explicitly.
    Defaulting to the one defined in ‘Streamly.Internal.Data.Fold.Type’
Warning: 'Parser' is ambiguous. It is defined
    * in ‘Streamly.Internal.Data.Parser.Type’
    * in ‘Streamly.Internal.Data.Parser.Type’
    You may be able to disambiguate the identifier by qualifying it or
    by specifying the type/value namespace explicitly.
    Defaulting to the one defined in ‘Streamly.Internal.Data.Parser.Type’
Warning: 'Refold' is ambiguous. It is defined
    * in ‘Streamly.Internal.Data.Refold.Type’
    * in ‘Streamly.Internal.Data.Refold.Type’
    You may be able to disambiguate the identifier by qualifying it or
    by specifying the type/value namespace explicitly.
    Defaulting to the one defined in ‘Streamly.Internal.Data.Refold.Type’
Warning: 'intercalatePrefix' is out of scope.
    If you qualify the identifier, haddock can try to link it anyway.
Warning: 'intercalateSuffix' is out of scope.
    If you qualify the identifier, haddock can try to link it anyway.
Warning: 'splitSuffixBy' is out of scope.
    If you qualify the identifier, haddock can try to link it anyway.
Warning: 'serial' is out of scope.
    If you qualify the identifier, haddock can try to link it anyway.
Warning: 'wSerial' is out of scope.
    If you qualify the identifier, haddock can try to link it anyway.
Warning: 'Map' is out of scope.
    If you qualify the identifier, haddock can try to link it anyway.
Warning: 'joinLeft' is out of scope.
    If you qualify the identifier, haddock can try to link it anyway.
Warning: 'joinOuter' is out of scope.
    If you qualify the identifier, haddock can try to link it anyway.
Warning: 'sampleInterval' is out of scope.
    If you qualify the identifier, haddock can try to link it anyway.
  94% (425 /451) in 'Streamly.Internal.Data.Stream.IsStream'
  Missing documentation for:
    bindWith (src/Streamly/Internal/Data/Stream/IsStream/Type.hs:700)
    foldrMx (src/Streamly/Internal/Data/Stream/IsStream/Type.hs:358)
    fromStreamD (src/Streamly/Internal/Data/Stream/IsStream/Type.hs:230)
    fromStreamK (src/Streamly/Internal/Data/Stream/IsStream/Type.hs:213)
    nil (src/Streamly/Internal/Data/Stream/IsStream/Type.hs:671)
    nilM (src/Streamly/Internal/Data/Stream/IsStream/Type.hs:675)
    toStreamD (src/Streamly/Internal/Data/Stream/IsStream/Type.hs:244)
    toStreamK (src/Streamly/Internal/Data/Stream/IsStream/Type.hs:209)
    StreamK
    currentTime (src/Streamly/Internal/Data/Stream/IsStream/Generate.hs:346)
    nil (src/Streamly/Internal/Data/Stream/IsStream/Type.hs:671)
    nilM (src/Streamly/Internal/Data/Stream/IsStream/Type.hs:675)
    postscanlMAfter' (src/Streamly/Internal/Data/Stream/IsStream/Common.hs:357)
    foldrSShared (src/Streamly/Internal/Data/Stream/IsStream/Transform.hs:346)
    timestamped (src/Streamly/Internal/Data/Stream/IsStream/Transform.hs:1372)
    concatUnfold (src/Streamly/Internal/Data/Stream/IsStream/Expand.hs:821)
    bindWith (src/Streamly/Internal/Data/Stream/IsStream/Type.hs:700)
    wSerialFst (src/Streamly/Internal/Data/Stream/Serial.hs:377)
    wSerialMin (src/Streamly/Internal/Data/Stream/Serial.hs:381)
    classifySessionsByGeneric (src/Streamly/Internal/Data/Stream/IsStream/Reduce.hs:1324)
    maxYields (src/Streamly/Internal/Data/Stream/IsStream/Combinators.hs:216)
    printState (src/Streamly/Internal/Data/Stream/IsStream/Combinators.hs:224)
    postscanlMAfter' (src/Streamly/Internal/Data/Stream/IsStream/Common.hs:357)
    takeEndBy (src/Streamly/Internal/Data/Stream/IsStream/Common.hs:439)
    fromStream (src/Streamly/Internal/Data/Stream/IsStream.hs:52)
    toStream (src/Streamly/Internal/Data/Stream/IsStream.hs:56)
 100% (  8 /  8) in 'Streamly.Internal.Data.Unfold.Prelude'
Warning: 'Event' is ambiguous. It is defined
    * at src/Streamly/Internal/FileSystem/Event/Darwin.hs:481:14
    * at src/Streamly/Internal/FileSystem/Event/Darwin.hs:481:1
    You may be able to disambiguate the identifier by qualifying it or
    by specifying the type/value namespace explicitly.
    Defaulting to the one defined at src/Streamly/Internal/FileSystem/Event/Darwin.hs:481:1
Warning: 'BUGS' is out of scope.
    If you qualify the identifier, haddock can try to link it anyway.
Warning: 'Array' is ambiguous. It is defined
    * in ‘Streamly.Internal.Data.Array.Type’
    * in ‘Streamly.Internal.Data.Array.Type’
    You may be able to disambiguate the identifier by qualifying it or
    by specifying the type/value namespace explicitly.
    Defaulting to the one defined in ‘Streamly.Internal.Data.Array.Type’
Warning: 'Watch' is ambiguous. It is defined
    * at src/Streamly/Internal/FileSystem/Event/Darwin.hs:414:14
    * at src/Streamly/Internal/FileSystem/Event/Darwin.hs:414:1
    You may be able to disambiguate the identifier by qualifying it or
    by specifying the type/value namespace explicitly.
    Defaulting to the one defined at src/Streamly/Internal/FileSystem/Event/Darwin.hs:414:1
Warning: 'Config' is ambiguous. It is defined
    * at src/Streamly/Internal/FileSystem/Event/Darwin.hs:202:15
    * at src/Streamly/Internal/FileSystem/Event/Darwin.hs:202:1
    You may be able to disambiguate the identifier by qualifying it or
    by specifying the type/value namespace explicitly.
    Defaulting to the one defined at src/Streamly/Internal/FileSystem/Event/Darwin.hs:202:1
  98% ( 51 / 52) in 'Streamly.Internal.FileSystem.Event.Darwin'
  Missing documentation for:
    defaultConfig (src/Streamly/Internal/FileSystem/Event/Darwin.hs:366)
Warning: 'isInodeAttrsChanged' is out of scope.
    If you qualify the identifier, haddock can try to link it anyway.
Warning: 'isRootDeleted' is out of scope.
    If you qualify the identifier, haddock can try to link it anyway.
Warning: 'watchRecursive' is out of scope.
    If you qualify the identifier, haddock can try to link it anyway.
 100% ( 15 / 15) in 'Streamly.Internal.FileSystem.Event'
Warning: 'action' is out of scope.
    If you qualify the identifier, haddock can try to link it anyway.
Warning: 'IOMode' is out of scope.
    If you qualify the identifier, haddock can try to link it anyway.
Warning: 'Handle' is out of scope.
    If you qualify the identifier, haddock can try to link it anyway.
 100% ( 40 / 40) in 'Streamly.Internal.Network.Socket'
Warning: 'act' is out of scope.
    If you qualify the identifier, haddock can try to link it anyway.
  90% ( 36 / 40) in 'Streamly.Internal.Network.Inet.TCP'
  Missing documentation for:
    acceptorWith (src/Streamly/Internal/Network/Inet/TCP.hs:185)
    acceptorOnAddrWith (src/Streamly/Internal/Network/Inet/TCP.hs:158)
    acceptorOnPort (src/Streamly/Internal/Network/Inet/TCP.hs:200)
    acceptorOnPortLocal (src/Streamly/Internal/Network/Inet/TCP.hs:215)
  71% (  5 /  7) in 'Streamly.Internal.Unicode.Char'
  Missing documentation for:
    NormalizationMode (src/Streamly/Internal/Unicode/Char.hs:88)
    normalize (src/Streamly/Internal/Unicode/Char.hs:328)
  57% (  4 /  7) in 'Streamly.Internal.Unicode.Utf8'
  Missing documentation for:
    pack (src/Streamly/Internal/Unicode/Utf8.hs:60)
    unpack (src/Streamly/Internal/Unicode/Utf8.hs:71)
    toArray (src/Streamly/Internal/Unicode/Utf8.hs:55)
  87% ( 14 / 16) in 'Streamly.Network.Inet.TCP'
  Missing documentation for:
    acceptorOnPort (src/Streamly/Internal/Network/Inet/TCP.hs:200)
    acceptorOnPortLocal (src/Streamly/Internal/Network/Inet/TCP.hs:215)
  94% ( 34 / 36) in 'Streamly.Network.Socket'
  Missing documentation for:
    readChunk (src/Streamly/Network/Socket.hs:150)
    writeChunk (src/Streamly/Network/Socket.hs:155)
Warning: ':' is out of scope.
    If you qualify the identifier, haddock can try to link it anyway.
Warning: '()' is out of scope.
    If you qualify the identifier, haddock can try to link it anyway.
Warning: 'Fold' is out of scope.
    If you qualify the identifier, haddock can try to link it anyway.
Warning: 'f' is out of scope.
    If you qualify the identifier, haddock can try to link it anyway.
Warning: '&' is out of scope.
    If you qualify the identifier, haddock can try to link it anyway.
Warning: 'Foldable' is out of scope.
    If you qualify the identifier, haddock can try to link it anyway.
Warning: 'With' is out of scope.
    If you qualify the identifier, haddock can try to link it anyway.
  98% (295 /301) in 'Streamly.Prelude'
  Missing documentation for:
    nil (src/Streamly/Internal/Data/Stream/IsStream/Type.hs:671)
    fromStream (src/Streamly/Internal/Data/Stream/IsStream.hs:52)
    toStream (src/Streamly/Internal/Data/Stream/IsStream.hs:56)
    fromStreamK (src/Streamly/Internal/Data/Stream/IsStream/Type.hs:213)
    toStreamK (src/Streamly/Internal/Data/Stream/IsStream/Type.hs:209)
    concatUnfold (src/Streamly/Internal/Data/Stream/IsStream/Expand.hs:821)
Warning: Streamly.Data.Stream.MkType: could not find link destinations for: 
	- GHC.Internal.Data.Functor.Identity.Rep_Identity
	- GHC.Internal.Data.Functor.Identity.Rep1_Identity
	- Data.Heap.Forest
	- Data.Heap.Tree
Warning: Streamly.Internal.Data.Stream.Serial: could not find link destinations for: 
	- Streamly.Internal.Data.Stream.IsStream.Type.fromStream
	- Streamly.Internal.Data.Stream.IsStream.Type.toStream
Warning: Streamly.Internal.Data.Stream.Parallel: could not find link destinations for: 
	- Streamly.Internal.Data.Stream.IsStream.Type.fromStream
	- Streamly.Internal.Data.Stream.IsStream.Type.toStream
Warning: Streamly.Internal.Data.Stream.Async: could not find link destinations for: 
	- Streamly.Internal.Data.Stream.IsStream.Type.fromStream
	- Streamly.Internal.Data.Stream.IsStream.Type.toStream
Warning: Streamly.Internal.Data.Stream.Ahead: could not find link destinations for: 
	- Streamly.Internal.Data.Stream.IsStream.Type.fromStream
	- Streamly.Internal.Data.Stream.IsStream.Type.toStream
Warning: Streamly.Internal.Data.Stream.Zip: could not find link destinations for: 
	- Streamly.Internal.Data.Stream.IsStream.Type.fromStream
	- Streamly.Internal.Data.Stream.IsStream.Type.toStream
Warning: Streamly.Internal.Data.Stream.ZipAsync: could not find link destinations for: 
	- Streamly.Internal.Data.Stream.IsStream.Type.fromStream
	- Streamly.Internal.Data.Stream.IsStream.Type.toStream
Warning: Streamly.Internal.Data.Stream.IsStream: could not find link destinations for: 
	- Streamly.Internal.Data.Stream.IsStream.Type.fromStream
	- Streamly.Internal.Data.Stream.IsStream.Type.toStream
Warning: Streamly.Prelude: could not find link destinations for: 
	- Streamly.Internal.Data.Stream.IsStream.Type.fromStream
	- Streamly.Internal.Data.Stream.IsStream.Type.toStream
<<ghc: 35583660976 bytes, 8484 GCs, 179310417/1036590424 avg/max bytes residency (21 samples), 2203M in use, 0.003 INIT (0.008 elapsed), 6.833 MUT (12.077 elapsed), 6.194 GC (6.958 elapsed) :ghc>>
Documentation created:
/var/folders/fn/022xr90s5mz417hz7fllrhv80000gn/T/mp13-release-source-6jhizn0h/dist-newstyle/tmp/src-78841/streamly-0.11.1/dist/doc/html/streamly
Installing library in /Users/shinzui/.cabal/store/ghc-9.12.4-8bff/incoming/new-78841/Users/shinzui/.cabal/store/ghc-9.12.4-8bff/strmly-0.11.1-de839ca5/lib
Configuring library for kiroku-metrics-0.3.0.0...
Preprocessing library for kiroku-metrics-0.3.0.0...
Running Haddock on library for kiroku-metrics-0.3.0.0...
Warning: The following packages have no Haddock documentation installed. No
links will be generated to these packages: kiroku-cli-0.2.0.10,
kiroku-store-0.11.0.0, postgresql-libpq-configure-0.11, attoparsec-0.14.4
[ 1 of 17] Compiling Kiroku.Metrics.Types ( src/Kiroku/Metrics/Types.hs, nothing ) [Flags changed]
[ 2 of 17] Compiling Kiroku.Metrics.Collector ( src/Kiroku/Metrics/Collector.hs, nothing ) [Flags changed]
[ 3 of 17] Compiling Kiroku.Metrics.Prometheus ( src/Kiroku/Metrics/Prometheus.hs, nothing ) [Flags changed]
[ 4 of 17] Compiling Kiroku.Metrics.JSON ( src/Kiroku/Metrics/JSON.hs, nothing ) [Flags changed]
[ 5 of 17] Compiling Kiroku.Metrics.Subscriptions ( src/Kiroku/Metrics/Subscriptions.hs, nothing ) [Flags changed]
[ 6 of 17] Compiling Kiroku.Metrics.DeadLetters ( src/Kiroku/Metrics/DeadLetters.hs, nothing ) [Flags changed]
[ 7 of 17] Compiling Kiroku.Metrics.Cors ( src/Kiroku/Metrics/Cors.hs, nothing ) [Flags changed]
[ 8 of 17] Compiling Kiroku.Metrics.Config ( src/Kiroku/Metrics/Config.hs, nothing ) [Flags changed]
[ 9 of 17] Compiling Kiroku.Metrics.Checkpoints ( src/Kiroku/Metrics/Checkpoints.hs, nothing ) [Flags changed]
[10 of 17] Compiling Kiroku.Metrics.Health ( src/Kiroku/Metrics/Health.hs, nothing ) [Flags changed]
[11 of 17] Compiling Kiroku.Metrics.WebSocket ( src/Kiroku/Metrics/WebSocket.hs, nothing ) [Flags changed]
src/Kiroku/Metrics/WebSocket.hs:85:23: warning: [GHC-38856] [-Wunused-imports]
    The import of ‘foldl'’ from module ‘Data.Foldable’ is redundant
   |
85 | import Data.Foldable (foldl', for_)
   |                       ^^^^^^

[12 of 17] Compiling Kiroku.Metrics.Browse ( src/Kiroku/Metrics/Browse.hs, nothing ) [Flags changed]
src/Kiroku/Metrics/Browse.hs:96:9: warning: [GHC-63397] [-Wname-shadowing]
    This binding for ‘size’ shadows the existing binding
      imported from ‘Kiroku.Store’ at src/Kiroku/Metrics/Browse.hs:37:1-19
      (and originally defined in ‘Kiroku.Store.Subscription.Types’)
   |
96 |         size <- browseSize limit
   |         ^^^^

src/Kiroku/Metrics/Browse.hs:120:9: warning: [GHC-63397] [-Wname-shadowing]
    This binding for ‘size’ shadows the existing binding
      imported from ‘Kiroku.Store’ at src/Kiroku/Metrics/Browse.hs:37:1-19
      (and originally defined in ‘Kiroku.Store.Subscription.Types’)
    |
120 |         size <- browseSize limit
    |         ^^^^

src/Kiroku/Metrics/Browse.hs:185:11: warning: [GHC-63397] [-Wname-shadowing]
    This binding for ‘size’ shadows the existing binding
      imported from ‘Kiroku.Store’ at src/Kiroku/Metrics/Browse.hs:37:1-19
      (and originally defined in ‘Kiroku.Store.Subscription.Types’)
    |
185 |     Right size -> Right size
    |           ^^^^

[13 of 17] Compiling Paths_kiroku_metrics ( /var/folders/fn/022xr90s5mz417hz7fllrhv80000gn/T/mp13-release-source-6jhizn0h/dist-newstyle/build/aarch64-osx/ghc-9.12.4/kiroku-metrics-0.3.0.0/build/autogen/Paths_kiroku_metrics.hs, nothing ) [Flags changed]
[14 of 17] Compiling Kiroku.Metrics.Capabilities ( src/Kiroku/Metrics/Capabilities.hs, nothing ) [Flags changed]
[15 of 17] Compiling Kiroku.Metrics.Server ( src/Kiroku/Metrics/Server.hs, nothing ) [Flags changed]
[16 of 17] Compiling Kiroku.Metrics.Standalone ( src/Kiroku/Metrics/Standalone.hs, nothing ) [Flags changed]
[17 of 17] Compiling Kiroku.Metrics   ( src/Kiroku/Metrics.hs, nothing ) [Flags changed]
Haddock coverage:
Warning: 'MetricsSnapshot' is ambiguous. It is defined
    * at src/Kiroku/Metrics/Types.hs:35:24
    * at src/Kiroku/Metrics/Types.hs:35:1
    You may be able to disambiguate the identifier by qualifying it or
    by specifying the type/value namespace explicitly.
    Defaulting to the one defined at src/Kiroku/Metrics/Types.hs:35:1
Warning: 'StoreGauges' is ambiguous. It is defined
    * at src/Kiroku/Metrics/Types.hs:44:20
    * at src/Kiroku/Metrics/Types.hs:44:1
    You may be able to disambiguate the identifier by qualifying it or
    by specifying the type/value namespace explicitly.
    Defaulting to the one defined at src/Kiroku/Metrics/Types.hs:44:1
Warning: 'LifecycleCounters' is ambiguous. It is defined
    * at src/Kiroku/Metrics/Types.hs:64:26
    * at src/Kiroku/Metrics/Types.hs:64:1
    You may be able to disambiguate the identifier by qualifying it or
    by specifying the type/value namespace explicitly.
    Defaulting to the one defined at src/Kiroku/Metrics/Types.hs:64:1
Warning: 'SubscriptionMetrics' is ambiguous. It is defined
    * at src/Kiroku/Metrics/Types.hs:97:28
    * at src/Kiroku/Metrics/Types.hs:97:1
    You may be able to disambiguate the identifier by qualifying it or
    by specifying the type/value namespace explicitly.
    Defaulting to the one defined at src/Kiroku/Metrics/Types.hs:97:1
Warning: 'KirokuEvent' is out of scope.
    If you qualify the identifier, haddock can try to link it anyway.
Warning: 'Started' is out of scope.
    If you qualify the identifier, haddock can try to link it anyway.
Warning: 'CaughtUp' is out of scope.
    If you qualify the identifier, haddock can try to link it anyway.
Warning: 'Paused' is out of scope.
    If you qualify the identifier, haddock can try to link it anyway.
Warning: 'Resumed' is out of scope.
    If you qualify the identifier, haddock can try to link it anyway.
Warning: 'Reconnecting' is out of scope.
    If you qualify the identifier, haddock can try to link it anyway.
Warning: 'Retrying' is out of scope.
    If you qualify the identifier, haddock can try to link it anyway.
Warning: 'DeadLettered' is out of scope.
    If you qualify the identifier, haddock can try to link it anyway.
Warning: 'Stopped' is out of scope.
    If you qualify the identifier, haddock can try to link it anyway.
Warning: 'KirokuEventSubscriptionDelivered' is out of scope.
    If you qualify the identifier, haddock can try to link it anyway.
Warning: 'KirokuEventSubscriptionFetched' is out of scope.
    If you qualify the identifier, haddock can try to link it anyway.
 100% (  5 /  5) in 'Kiroku.Metrics.Types'
Warning: 'KirokuMetrics' is ambiguous. It is defined
    * at src/Kiroku/Metrics/Collector.hs:63:22
    * at src/Kiroku/Metrics/Collector.hs:63:1
    You may be able to disambiguate the identifier by qualifying it or
    by specifying the type/value namespace explicitly.
    Defaulting to the one defined at src/Kiroku/Metrics/Collector.hs:63:1
Warning: 'MetricsSnapshot' is ambiguous. It is defined
    * at src/Kiroku/Metrics/Types.hs:35:24
    * at src/Kiroku/Metrics/Types.hs:35:1
    You may be able to disambiguate the identifier by qualifying it or
    by specifying the type/value namespace explicitly.
    Defaulting to the one defined at src/Kiroku/Metrics/Types.hs:35:1
Warning: 'EventPublisher' is ambiguous. It is defined
    * in ‘Kiroku.Store.Subscription.EventPublisher’
    * in ‘Kiroku.Store.Subscription.EventPublisher’
    You may be able to disambiguate the identifier by qualifying it or
    by specifying the type/value namespace explicitly.
    Defaulting to the one defined in ‘Kiroku.Store.Subscription.EventPublisher’
Warning: 'IORef' is out of scope.
    If you qualify the identifier, haddock can try to link it anyway.
 100% (  7 /  7) in 'Kiroku.Metrics.Collector'
 100% (  3 /  3) in 'Kiroku.Metrics.Prometheus'
 100% (  6 /  6) in 'Kiroku.Metrics.JSON'
Warning: 'SubscriptionStatusRow' is ambiguous. It is defined
    * in ‘Kiroku.Cli.Subscription.Status’
    * in ‘Kiroku.Cli.Subscription.Status’
    You may be able to disambiguate the identifier by qualifying it or
    by specifying the type/value namespace explicitly.
    Defaulting to the one defined in ‘Kiroku.Cli.Subscription.Status’
 100% (  4 /  4) in 'Kiroku.Metrics.Subscriptions'
   8% (  1 / 12) in 'Kiroku.Metrics.DeadLetters'
  Missing documentation for:
    DeadLetterProvider (src/Kiroku/Metrics/DeadLetters.hs:31)
    storeDeadLetters (src/Kiroku/Metrics/DeadLetters.hs:33)
    DeadLetterItem (src/Kiroku/Metrics/DeadLetters.hs:35)
    DeadLetterPageResponse (src/Kiroku/Metrics/DeadLetters.hs:47)
    deadLetterPageResponse (src/Kiroku/Metrics/DeadLetters.hs:61)
    renderDeadLetterCursor (src/Kiroku/Metrics/DeadLetters.hs:66)
    parseDeadLetterCursor (src/Kiroku/Metrics/DeadLetters.hs:68)
    DeadLetterRequest (src/Kiroku/Metrics/DeadLetters.hs:78)
    parseDeadLetterRequest (src/Kiroku/Metrics/DeadLetters.hs:88)
    deadLettersApp (src/Kiroku/Metrics/DeadLetters.hs:115)
    deadLettersNotConfiguredApp (src/Kiroku/Metrics/DeadLetters.hs:112)
  46% (  6 / 13) in 'Kiroku.Metrics.Cors'
  Missing documentation for:
    renderAllowedOrigin (src/Kiroku/Metrics/Cors.hs:59)
    corsDisabled (src/Kiroku/Metrics/Cors.hs:188)
    corsAllowOrigins (src/Kiroku/Metrics/Cors.hs:191)
    corsEnabled (src/Kiroku/Metrics/Cors.hs:194)
    corsAllowedMethods (src/Kiroku/Metrics/Cors.hs:197)
    originAllowed (src/Kiroku/Metrics/Cors.hs:207)
    isPreflight (src/Kiroku/Metrics/Cors.hs:219)
 100% (  3 /  3) in 'Kiroku.Metrics.Config'
  44% (  4 /  9) in 'Kiroku.Metrics.Checkpoints'
  Missing documentation for:
    storeCheckpointInventory (src/Kiroku/Metrics/Checkpoints.hs:30)
    CheckpointInventoryResponse (src/Kiroku/Metrics/Checkpoints.hs:40)
    CheckpointRow (src/Kiroku/Metrics/Checkpoints.hs:32)
    checkpointInventoryResponse (src/Kiroku/Metrics/Checkpoints.hs:59)
    checkpointsPath (src/Kiroku/Metrics/Checkpoints.hs:65)
Warning: 'DependencyStatus' is ambiguous. It is defined
    * at src/Kiroku/Metrics/Health.hs:52:25
    * at src/Kiroku/Metrics/Health.hs:52:1
    You may be able to disambiguate the identifier by qualifying it or
    by specifying the type/value namespace explicitly.
    Defaulting to the one defined at src/Kiroku/Metrics/Health.hs:52:1
 100% (  9 /  9) in 'Kiroku.Metrics.Health'
Warning: 'RecordedEvent' is ambiguous. It is defined
    * in ‘Kiroku.Store.Types’
    * in ‘Kiroku.Store.Types’
    You may be able to disambiguate the identifier by qualifying it or
    by specifying the type/value namespace explicitly.
    Defaulting to the one defined in ‘Kiroku.Store.Types’
Warning: 'EventPublisher' is out of scope.
    If you qualify the identifier, haddock can try to link it anyway.
Warning: 'subscribePublisher' is out of scope.
    If you qualify the identifier, haddock can try to link it anyway.
Warning: 'WebSocketState' is ambiguous. It is defined
    * at src/Kiroku/Metrics/WebSocket.hs:252:23
    * at src/Kiroku/Metrics/WebSocket.hs:252:1
    You may be able to disambiguate the identifier by qualifying it or
    by specifying the type/value namespace explicitly.
    Defaulting to the one defined at src/Kiroku/Metrics/WebSocket.hs:252:1
Warning: 'GlobalPosition' is ambiguous. It is defined
    * in ‘Kiroku.Store.Types’
    * in ‘Kiroku.Store.Types’
    You may be able to disambiguate the identifier by qualifying it or
    by specifying the type/value namespace explicitly.
    Defaulting to the one defined in ‘Kiroku.Store.Types’
 100% ( 23 / 23) in 'Kiroku.Metrics.WebSocket'
   7% (  1 / 14) in 'Kiroku.Metrics.Browse'
  Missing documentation for:
    StoreBrowser (src/Kiroku/Metrics/Browse.hs:42)
    storeBrowser (src/Kiroku/Metrics/Browse.hs:57)
    storeBrowserWith (src/Kiroku/Metrics/Browse.hs:59)
    BrowseLimits (src/Kiroku/Metrics/Browse.hs:47)
    BrowseLimitsError (src/Kiroku/Metrics/Browse.hs:49)
    mkBrowseLimits (src/Kiroku/Metrics/Browse.hs:51)
    defaultLimit
    maxLimit
    defaultBrowseLimits (src/Kiroku/Metrics/Browse.hs:55)
    ReadDirection (src/Kiroku/Metrics/Browse.hs:61)
    browseApp (src/Kiroku/Metrics/Browse.hs:81)
    browseNotConfiguredApp (src/Kiroku/Metrics/Browse.hs:78)
    streamInfoToJSON (src/Kiroku/Metrics/Browse.hs:212)
  33% (  4 / 12) in 'Kiroku.Metrics.Capabilities'
  Missing documentation for:
    noWebSocketChannels (src/Kiroku/Metrics/Capabilities.hs:36)
    storeWebSocketChannels (src/Kiroku/Metrics/Capabilities.hs:37)
    ProviderPresence (src/Kiroku/Metrics/Capabilities.hs:39)
    RouteAvailability (src/Kiroku/Metrics/Capabilities.hs:48)
    Capabilities (src/Kiroku/Metrics/Capabilities.hs:61)
    capabilitiesFor (src/Kiroku/Metrics/Capabilities.hs:78)
    kirokuMetricsVersion (src/Kiroku/Metrics/Capabilities.hs:71)
    capabilitiesPath (src/Kiroku/Metrics/Capabilities.hs:136)
  76% ( 16 / 21) in 'Kiroku.Metrics.Server'
  Missing documentation for:
    stopMetricsServer (src/Kiroku/Metrics/Server.hs:154)
    withMetricsServer (src/Kiroku/Metrics/Server.hs:157)
    withMetricsServerWithStore (src/Kiroku/Metrics/Server.hs:160)
    withMetricsServerSubscriptions (src/Kiroku/Metrics/Server.hs:163)
    stubWebSocketApp (src/Kiroku/Metrics/Server.hs:185)
  22% (  2 /  9) in 'Kiroku.Metrics.Standalone'
  Missing documentation for:
    InspectOptions (src/Kiroku/Metrics/Standalone.hs:33)
    inspectOptionsParser (src/Kiroku/Metrics/Standalone.hs:61)
    inspectParserInfo (src/Kiroku/Metrics/Standalone.hs:81)
    InspectRuntime (src/Kiroku/Metrics/Standalone.hs:44)
    resolveInspectOptions (src/Kiroku/Metrics/Standalone.hs:107)
    InspectHooks (src/Kiroku/Metrics/Standalone.hs:54)
    runInspect (src/Kiroku/Metrics/Standalone.hs:148)
 100% ( 14 / 14) in 'Kiroku.Metrics'
Warning: Kiroku.Metrics.Collector: could not find link destinations for: 
	- Kiroku.Store.Observability.KirokuEvent
	- Kiroku.Store.Types.GlobalPosition
	- Kiroku.Store.Connection.KirokuStore
	- Kiroku.Store.Subscription.EventPublisher.EventPublisher
Warning: Kiroku.Metrics.JSON: could not find link destinations for: 
	- Kiroku.Store.Error.StoreError
Warning: Kiroku.Metrics.Subscriptions: could not find link destinations for: 
	- Kiroku.Store.Connection.KirokuStore
	- Kiroku.Store.Subscription.subscriptionStates
	- Kiroku.Cli.Subscription.Status.SubscriptionStatusRow
Warning: Kiroku.Metrics.DeadLetters: could not find link destinations for: 
	- Kiroku.Store.Connection.KirokuStore
	- Kiroku.Store.Error.StoreError
	- Kiroku.Store.Subscription.Types.SubscriptionDeadLetterCursor
	- Kiroku.Store.Subscription.Types.SubscriptionDeadLetterLimit
	- Kiroku.Store.Subscription.Types.SubscriptionDeadLetterPage
	- Kiroku.Store.Subscription.Types.SubscriptionDeadLetterQuery
	- Kiroku.Metrics.DeadLetters.Failure
Warning: Kiroku.Metrics.Checkpoints: could not find link destinations for: 
	- Kiroku.Store.Connection.KirokuStore
	- Kiroku.Store.Error.StoreError
	- Kiroku.Store.Subscription.Types.SubscriptionCheckpointInventory
Warning: Kiroku.Metrics.Health: could not find link destinations for: 
	- Kiroku.Store.Connection.KirokuStore
Warning: Kiroku.Metrics.WebSocket: could not find link destinations for: 
	- Kiroku.Store.Connection.KirokuStore
	- Kiroku.Store.Effect.runStoreIO
	- Kiroku.Store.Read.readAllForward
	- Kiroku.Store.Read.readCategory
	- Kiroku.Store.Types.RecordedEvent
	- Kiroku.Store.Types.StreamId
	- Kiroku.Store.Types.StreamName
	- Kiroku.Store.Subscription.EventPublisher.PublisherSubscription
Warning: Kiroku.Metrics.Browse: could not find link destinations for: 
	- Kiroku.Store.Connection.KirokuStore
	- Kiroku.Store.Effect.Store
	- Kiroku.Store.Error.StoreError
	- Kiroku.Store.Types.StreamInfo
Warning: Kiroku.Metrics.Server: could not find link destinations for: 
	- Kiroku.Store.Connection.KirokuStore
Documentation created:
/var/folders/fn/022xr90s5mz417hz7fllrhv80000gn/T/mp13-release-source-6jhizn0h/dist-newstyle/build/aarch64-osx/ghc-9.12.4/kiroku-metrics-0.3.0.0/doc/html/kiroku-metrics-0.3.0.0-docs,
/var/folders/fn/022xr90s5mz417hz7fllrhv80000gn/T/mp13-release-source-6jhizn0h/dist-newstyle/build/aarch64-osx/ghc-9.12.4/kiroku-metrics-0.3.0.0/doc/html/kiroku-metrics-0.3.0.0-docs/kiroku-metrics.txt
Documentation tarball created:
/var/folders/fn/022xr90s5mz417hz7fllrhv80000gn/T/mp13-release-source-6jhizn0h/dist-newstyle/kiroku-metrics-0.3.0.0-docs.tar.gz
Configuring library for shibuya-core-0.10.0.1...
Preprocessing library for shibuya-core-0.10.0.1...
Building library for shibuya-core-0.10.0.1...
[ 1 of 31] Compiling Shibuya.Core.Lease ( src/Shibuya/Core/Lease.hs, dist/build/Shibuya/Core/Lease.o, dist/build/Shibuya/Core/Lease.dyn_o )
[ 2 of 31] Compiling Shibuya.Internal.Runner.KeyedScheduler ( src/Shibuya/Internal/Runner/KeyedScheduler.hs, dist/build/Shibuya/Internal/Runner/KeyedScheduler.o, dist/build/Shibuya/Internal/Runner/KeyedScheduler.dyn_o )
[ 3 of 31] Compiling Shibuya.Prelude  ( src/Shibuya/Prelude.hs, dist/build/Shibuya/Prelude.o, dist/build/Shibuya/Prelude.dyn_o )
[ 4 of 31] Compiling Shibuya.Core.Types ( src/Shibuya/Core/Types.hs, dist/build/Shibuya/Core/Types.o, dist/build/Shibuya/Core/Types.dyn_o )
[ 5 of 31] Compiling Shibuya.Core.Metrics ( src/Shibuya/Core/Metrics.hs, dist/build/Shibuya/Core/Metrics.o, dist/build/Shibuya/Core/Metrics.dyn_o )
[ 6 of 31] Compiling Shibuya.Internal.Runner.Master ( src/Shibuya/Internal/Runner/Master.hs, dist/build/Shibuya/Internal/Runner/Master.o, dist/build/Shibuya/Internal/Runner/Master.dyn_o )
[ 7 of 31] Compiling Shibuya.Core.Error ( src/Shibuya/Core/Error.hs, dist/build/Shibuya/Core/Error.o, dist/build/Shibuya/Core/Error.dyn_o )
[ 8 of 31] Compiling Shibuya.Policy   ( src/Shibuya/Policy.hs, dist/build/Shibuya/Policy.o, dist/build/Shibuya/Policy.dyn_o )
[ 9 of 31] Compiling Shibuya.Core.Ack ( src/Shibuya/Core/Ack.hs, dist/build/Shibuya/Core/Ack.o, dist/build/Shibuya/Core/Ack.dyn_o )
[10 of 31] Compiling Shibuya.Internal.Runner.Halt ( src/Shibuya/Internal/Runner/Halt.hs, dist/build/Shibuya/Internal/Runner/Halt.o, dist/build/Shibuya/Internal/Runner/Halt.dyn_o )
[11 of 31] Compiling Shibuya.Core.Retry ( src/Shibuya/Core/Retry.hs, dist/build/Shibuya/Core/Retry.o, dist/build/Shibuya/Core/Retry.dyn_o )
[12 of 31] Compiling Shibuya.Core.AckHandle ( src/Shibuya/Core/AckHandle.hs, dist/build/Shibuya/Core/AckHandle.o, dist/build/Shibuya/Core/AckHandle.dyn_o )
[13 of 31] Compiling Shibuya.Core.Ingested ( src/Shibuya/Core/Ingested.hs, dist/build/Shibuya/Core/Ingested.o, dist/build/Shibuya/Core/Ingested.dyn_o )
[14 of 31] Compiling Shibuya.Internal.Runner.Ingester ( src/Shibuya/Internal/Runner/Ingester.hs, dist/build/Shibuya/Internal/Runner/Ingester.o, dist/build/Shibuya/Internal/Runner/Ingester.dyn_o )
[15 of 31] Compiling Shibuya.Handler  ( src/Shibuya/Handler.hs, dist/build/Shibuya/Handler.o, dist/build/Shibuya/Handler.dyn_o )
[16 of 31] Compiling Shibuya.Adapter  ( src/Shibuya/Adapter.hs, dist/build/Shibuya/Adapter.o, dist/build/Shibuya/Adapter.dyn_o )
[17 of 31] Compiling Shibuya.Adapter.Mock ( src/Shibuya/Adapter/Mock.hs, dist/build/Shibuya/Adapter/Mock.o, dist/build/Shibuya/Adapter/Mock.dyn_o )
[18 of 31] Compiling Shibuya.Batch    ( src/Shibuya/Batch.hs, dist/build/Shibuya/Batch.o, dist/build/Shibuya/Batch.dyn_o )
[19 of 31] Compiling Shibuya.Internal.Runner.Batcher ( src/Shibuya/Internal/Runner/Batcher.hs, dist/build/Shibuya/Internal/Runner/Batcher.o, dist/build/Shibuya/Internal/Runner/Batcher.dyn_o )
[20 of 31] Compiling Shibuya.Stream   ( src/Shibuya/Stream.hs, dist/build/Shibuya/Stream.o, dist/build/Shibuya/Stream.dyn_o )
[21 of 31] Compiling Shibuya.Telemetry.Effect ( src/Shibuya/Telemetry/Effect.hs, dist/build/Shibuya/Telemetry/Effect.o, dist/build/Shibuya/Telemetry/Effect.dyn_o )
[22 of 31] Compiling Shibuya.Internal.Runner.Finalize ( src/Shibuya/Internal/Runner/Finalize.hs, dist/build/Shibuya/Internal/Runner/Finalize.o, dist/build/Shibuya/Internal/Runner/Finalize.dyn_o )
[23 of 31] Compiling Shibuya.Telemetry.Propagation ( src/Shibuya/Telemetry/Propagation.hs, dist/build/Shibuya/Telemetry/Propagation.o, dist/build/Shibuya/Telemetry/Propagation.dyn_o )
[24 of 31] Compiling Shibuya.Telemetry.Semantic ( src/Shibuya/Telemetry/Semantic.hs, dist/build/Shibuya/Telemetry/Semantic.o, dist/build/Shibuya/Telemetry/Semantic.dyn_o )
[25 of 31] Compiling Shibuya.Telemetry ( src/Shibuya/Telemetry.hs, dist/build/Shibuya/Telemetry.o, dist/build/Shibuya/Telemetry.dyn_o )
[26 of 31] Compiling Shibuya.Internal.Runner.BatchProcessor ( src/Shibuya/Internal/Runner/BatchProcessor.hs, dist/build/Shibuya/Internal/Runner/BatchProcessor.o, dist/build/Shibuya/Internal/Runner/BatchProcessor.dyn_o )
[27 of 31] Compiling Shibuya.Internal.Runner.Supervised ( src/Shibuya/Internal/Runner/Supervised.hs, dist/build/Shibuya/Internal/Runner/Supervised.o, dist/build/Shibuya/Internal/Runner/Supervised.dyn_o )
[28 of 31] Compiling Shibuya.Internal.App ( src/Shibuya/Internal/App.hs, dist/build/Shibuya/Internal/App.o, dist/build/Shibuya/Internal/App.dyn_o )
[29 of 31] Compiling Shibuya.App      ( src/Shibuya/App.hs, dist/build/Shibuya/App.o, dist/build/Shibuya/App.dyn_o )
[30 of 31] Compiling Shibuya          ( src/Shibuya.hs, dist/build/Shibuya.o, dist/build/Shibuya.dyn_o )
[31 of 31] Compiling Shibuya.Core     ( src/Shibuya/Core.hs, dist/build/Shibuya/Core.o, dist/build/Shibuya/Core.dyn_o )
Preprocessing library for shibuya-core-0.10.0.1...
Running Haddock on library for shibuya-core-0.10.0.1...
Warning: The following packages have no Haddock documentation installed. No
links will be generated to these packages: attoparsec-0.14.4
[ 1 of 31] Compiling Shibuya.Core.Lease ( src/Shibuya/Core/Lease.hs, /var/folders/fn/022xr90s5mz417hz7fllrhv80000gn/T/ghc17719_tmp_0/ghc_tmp_18.o, /var/folders/fn/022xr90s5mz417hz7fllrhv80000gn/T/ghc17719_tmp_0/ghc_tmp_18.dyn_o )
[ 2 of 31] Compiling Shibuya.Internal.Runner.KeyedScheduler ( src/Shibuya/Internal/Runner/KeyedScheduler.hs, /var/folders/fn/022xr90s5mz417hz7fllrhv80000gn/T/ghc17719_tmp_0/ghc_tmp_40.o, /var/folders/fn/022xr90s5mz417hz7fllrhv80000gn/T/ghc17719_tmp_0/ghc_tmp_40.dyn_o )
[ 3 of 31] Compiling Shibuya.Prelude  ( src/Shibuya/Prelude.hs, /var/folders/fn/022xr90s5mz417hz7fllrhv80000gn/T/ghc17719_tmp_0/ghc_tmp_48.o, /var/folders/fn/022xr90s5mz417hz7fllrhv80000gn/T/ghc17719_tmp_0/ghc_tmp_48.dyn_o )
[ 4 of 31] Compiling Shibuya.Core.Types ( src/Shibuya/Core/Types.hs, /var/folders/fn/022xr90s5mz417hz7fllrhv80000gn/T/ghc17719_tmp_0/ghc_tmp_24.o, /var/folders/fn/022xr90s5mz417hz7fllrhv80000gn/T/ghc17719_tmp_0/ghc_tmp_24.dyn_o )
[ 5 of 31] Compiling Shibuya.Core.Metrics ( src/Shibuya/Core/Metrics.hs, /var/folders/fn/022xr90s5mz417hz7fllrhv80000gn/T/ghc17719_tmp_0/ghc_tmp_20.o, /var/folders/fn/022xr90s5mz417hz7fllrhv80000gn/T/ghc17719_tmp_0/ghc_tmp_20.dyn_o )
[ 6 of 31] Compiling Shibuya.Internal.Runner.Master ( src/Shibuya/Internal/Runner/Master.hs, /var/folders/fn/022xr90s5mz417hz7fllrhv80000gn/T/ghc17719_tmp_0/ghc_tmp_42.o, /var/folders/fn/022xr90s5mz417hz7fllrhv80000gn/T/ghc17719_tmp_0/ghc_tmp_42.dyn_o )
[ 7 of 31] Compiling Shibuya.Core.Error ( src/Shibuya/Core/Error.hs, /var/folders/fn/022xr90s5mz417hz7fllrhv80000gn/T/ghc17719_tmp_0/ghc_tmp_14.o, /var/folders/fn/022xr90s5mz417hz7fllrhv80000gn/T/ghc17719_tmp_0/ghc_tmp_14.dyn_o )
[ 8 of 31] Compiling Shibuya.Policy   ( src/Shibuya/Policy.hs, /var/folders/fn/022xr90s5mz417hz7fllrhv80000gn/T/ghc17719_tmp_0/ghc_tmp_46.o, /var/folders/fn/022xr90s5mz417hz7fllrhv80000gn/T/ghc17719_tmp_0/ghc_tmp_46.dyn_o )
[ 9 of 31] Compiling Shibuya.Core.Ack ( src/Shibuya/Core/Ack.hs, /var/folders/fn/022xr90s5mz417hz7fllrhv80000gn/T/ghc17719_tmp_0/ghc_tmp_10.o, /var/folders/fn/022xr90s5mz417hz7fllrhv80000gn/T/ghc17719_tmp_0/ghc_tmp_10.dyn_o )
[10 of 31] Compiling Shibuya.Internal.Runner.Halt ( src/Shibuya/Internal/Runner/Halt.hs, /var/folders/fn/022xr90s5mz417hz7fllrhv80000gn/T/ghc17719_tmp_0/ghc_tmp_36.o, /var/folders/fn/022xr90s5mz417hz7fllrhv80000gn/T/ghc17719_tmp_0/ghc_tmp_36.dyn_o )
[11 of 31] Compiling Shibuya.Core.Retry ( src/Shibuya/Core/Retry.hs, /var/folders/fn/022xr90s5mz417hz7fllrhv80000gn/T/ghc17719_tmp_0/ghc_tmp_22.o, /var/folders/fn/022xr90s5mz417hz7fllrhv80000gn/T/ghc17719_tmp_0/ghc_tmp_22.dyn_o )
[12 of 31] Compiling Shibuya.Core.AckHandle ( src/Shibuya/Core/AckHandle.hs, /var/folders/fn/022xr90s5mz417hz7fllrhv80000gn/T/ghc17719_tmp_0/ghc_tmp_12.o, /var/folders/fn/022xr90s5mz417hz7fllrhv80000gn/T/ghc17719_tmp_0/ghc_tmp_12.dyn_o )
[13 of 31] Compiling Shibuya.Core.Ingested ( src/Shibuya/Core/Ingested.hs, /var/folders/fn/022xr90s5mz417hz7fllrhv80000gn/T/ghc17719_tmp_0/ghc_tmp_16.o, /var/folders/fn/022xr90s5mz417hz7fllrhv80000gn/T/ghc17719_tmp_0/ghc_tmp_16.dyn_o )
[14 of 31] Compiling Shibuya.Internal.Runner.Ingester ( src/Shibuya/Internal/Runner/Ingester.hs, /var/folders/fn/022xr90s5mz417hz7fllrhv80000gn/T/ghc17719_tmp_0/ghc_tmp_38.o, /var/folders/fn/022xr90s5mz417hz7fllrhv80000gn/T/ghc17719_tmp_0/ghc_tmp_38.dyn_o )
[15 of 31] Compiling Shibuya.Handler  ( src/Shibuya/Handler.hs, /var/folders/fn/022xr90s5mz417hz7fllrhv80000gn/T/ghc17719_tmp_0/ghc_tmp_26.o, /var/folders/fn/022xr90s5mz417hz7fllrhv80000gn/T/ghc17719_tmp_0/ghc_tmp_26.dyn_o )
[16 of 31] Compiling Shibuya.Adapter  ( src/Shibuya/Adapter.hs, /var/folders/fn/022xr90s5mz417hz7fllrhv80000gn/T/ghc17719_tmp_0/ghc_tmp_4.o, /var/folders/fn/022xr90s5mz417hz7fllrhv80000gn/T/ghc17719_tmp_0/ghc_tmp_4.dyn_o )
[17 of 31] Compiling Shibuya.Adapter.Mock ( src/Shibuya/Adapter/Mock.hs, nothing ) [HIE file is missing]
[18 of 31] Compiling Shibuya.Batch    ( src/Shibuya/Batch.hs, /var/folders/fn/022xr90s5mz417hz7fllrhv80000gn/T/ghc17719_tmp_0/ghc_tmp_8.o, /var/folders/fn/022xr90s5mz417hz7fllrhv80000gn/T/ghc17719_tmp_0/ghc_tmp_8.dyn_o )
[19 of 31] Compiling Shibuya.Internal.Runner.Batcher ( src/Shibuya/Internal/Runner/Batcher.hs, /var/folders/fn/022xr90s5mz417hz7fllrhv80000gn/T/ghc17719_tmp_0/ghc_tmp_32.o, /var/folders/fn/022xr90s5mz417hz7fllrhv80000gn/T/ghc17719_tmp_0/ghc_tmp_32.dyn_o )
[20 of 31] Compiling Shibuya.Stream   ( src/Shibuya/Stream.hs, nothing ) [HIE file is missing]
[21 of 31] Compiling Shibuya.Telemetry.Effect ( src/Shibuya/Telemetry/Effect.hs, /var/folders/fn/022xr90s5mz417hz7fllrhv80000gn/T/ghc17719_tmp_0/ghc_tmp_50.o, /var/folders/fn/022xr90s5mz417hz7fllrhv80000gn/T/ghc17719_tmp_0/ghc_tmp_50.dyn_o )
[22 of 31] Compiling Shibuya.Internal.Runner.Finalize ( src/Shibuya/Internal/Runner/Finalize.hs, /var/folders/fn/022xr90s5mz417hz7fllrhv80000gn/T/ghc17719_tmp_0/ghc_tmp_34.o, /var/folders/fn/022xr90s5mz417hz7fllrhv80000gn/T/ghc17719_tmp_0/ghc_tmp_34.dyn_o )
[23 of 31] Compiling Shibuya.Telemetry.Propagation ( src/Shibuya/Telemetry/Propagation.hs, /var/folders/fn/022xr90s5mz417hz7fllrhv80000gn/T/ghc17719_tmp_0/ghc_tmp_52.o, /var/folders/fn/022xr90s5mz417hz7fllrhv80000gn/T/ghc17719_tmp_0/ghc_tmp_52.dyn_o )
[24 of 31] Compiling Shibuya.Telemetry.Semantic ( src/Shibuya/Telemetry/Semantic.hs, /var/folders/fn/022xr90s5mz417hz7fllrhv80000gn/T/ghc17719_tmp_0/ghc_tmp_54.o, /var/folders/fn/022xr90s5mz417hz7fllrhv80000gn/T/ghc17719_tmp_0/ghc_tmp_54.dyn_o )
[25 of 31] Compiling Shibuya.Telemetry ( src/Shibuya/Telemetry.hs, nothing ) [HIE file is missing]
[26 of 31] Compiling Shibuya.Internal.Runner.BatchProcessor ( src/Shibuya/Internal/Runner/BatchProcessor.hs, /var/folders/fn/022xr90s5mz417hz7fllrhv80000gn/T/ghc17719_tmp_0/ghc_tmp_30.o, /var/folders/fn/022xr90s5mz417hz7fllrhv80000gn/T/ghc17719_tmp_0/ghc_tmp_30.dyn_o )
[27 of 31] Compiling Shibuya.Internal.Runner.Supervised ( src/Shibuya/Internal/Runner/Supervised.hs, /var/folders/fn/022xr90s5mz417hz7fllrhv80000gn/T/ghc17719_tmp_0/ghc_tmp_44.o, /var/folders/fn/022xr90s5mz417hz7fllrhv80000gn/T/ghc17719_tmp_0/ghc_tmp_44.dyn_o )
[28 of 31] Compiling Shibuya.Internal.App ( src/Shibuya/Internal/App.hs, /var/folders/fn/022xr90s5mz417hz7fllrhv80000gn/T/ghc17719_tmp_0/ghc_tmp_28.o, /var/folders/fn/022xr90s5mz417hz7fllrhv80000gn/T/ghc17719_tmp_0/ghc_tmp_28.dyn_o )
[29 of 31] Compiling Shibuya.App      ( src/Shibuya/App.hs, /var/folders/fn/022xr90s5mz417hz7fllrhv80000gn/T/ghc17719_tmp_0/ghc_tmp_6.o, /var/folders/fn/022xr90s5mz417hz7fllrhv80000gn/T/ghc17719_tmp_0/ghc_tmp_6.dyn_o )
[30 of 31] Compiling Shibuya          ( src/Shibuya.hs, /var/folders/fn/022xr90s5mz417hz7fllrhv80000gn/T/ghc17719_tmp_0/ghc_tmp_2.o, /var/folders/fn/022xr90s5mz417hz7fllrhv80000gn/T/ghc17719_tmp_0/ghc_tmp_2.dyn_o )
[31 of 31] Compiling Shibuya.Core     ( src/Shibuya/Core.hs, nothing ) [HIE file is missing]
Haddock coverage:
 100% (  2 /  2) in 'Shibuya.Core.Lease'
 100% (  2 /  2) in 'Shibuya.Internal.Runner.KeyedScheduler'
 100% ( 14 / 14) in 'Shibuya.Core.Types'
Warning: 'ProcessorMetrics' is ambiguous. It is defined
    * at src/Shibuya/Core/Metrics.hs:186:25
    * at src/Shibuya/Core/Metrics.hs:186:1
    You may be able to disambiguate the identifier by qualifying it or
    by specifying the type/value namespace explicitly.
    Defaulting to the one defined at src/Shibuya/Core/Metrics.hs:186:1
Warning: 'MetricsHandle' is ambiguous. It is defined
    * at src/Shibuya/Core/Metrics.hs:225:22
    * at src/Shibuya/Core/Metrics.hs:225:1
    You may be able to disambiguate the identifier by qualifying it or
    by specifying the type/value namespace explicitly.
    Defaulting to the one defined at src/Shibuya/Core/Metrics.hs:225:1
Warning: 'failed' is ambiguous. It is defined
    * at src/Shibuya/Core/Metrics.hs:220:5
    * at src/Shibuya/Core/Metrics.hs:150:5
    You may be able to disambiguate the identifier by qualifying it or
    by specifying the type/value namespace explicitly.
    Defaulting to the one defined at src/Shibuya/Core/Metrics.hs:150:5
  77% ( 31 / 40) in 'Shibuya.Core.Metrics'
  Missing documentation for:
    newMetricsHandle (src/Shibuya/Core/Metrics.hs:239)
    sampleMetrics (src/Shibuya/Core/Metrics.hs:278)
    incrementReceived (src/Shibuya/Core/Metrics.hs:303)
    beginProcessing (src/Shibuya/Core/Metrics.hs:307)
    AckDecisionMetric (src/Shibuya/Core/Metrics.hs:340)
    finishProcessing (src/Shibuya/Core/Metrics.hs:315)
    finishFinalizationFailure (src/Shibuya/Core/Metrics.hs:337)
    BatchTriggerMetric (src/Shibuya/Core/Metrics.hs:431)
    recordBatchOutcomeMetrics (src/Shibuya/Core/Metrics.hs:355)
Warning: 'Process' is ambiguous. It is defined
    * in ‘Control.Concurrent.NQE.Process’
    * in ‘Control.Concurrent.NQE.Process’
    You may be able to disambiguate the identifier by qualifying it or
    by specifying the type/value namespace explicitly.
    Defaulting to the one defined in ‘Control.Concurrent.NQE.Process’
Warning: 'ExceptionInLinkedThread' is out of scope.
    If you qualify the identifier, haddock can try to link it anyway.
  72% ( 21 / 29) in 'Shibuya.Internal.Runner.Master'
  Missing documentation for:
    LifecycleSnapshot (src/Shibuya/Internal/Runner/Master.hs:116)
    markMasterRunning (src/Shibuya/Internal/Runner/Master.hs:224)
    markMasterDraining (src/Shibuya/Internal/Runner/Master.hs:227)
    markProcessorDraining (src/Shibuya/Internal/Runner/Master.hs:235)
    markProcessorStopped (src/Shibuya/Internal/Runner/Master.hs:248)
    markProcessorStoppedIO (src/Shibuya/Internal/Runner/Master.hs:251)
    markProcessorFailed (src/Shibuya/Internal/Runner/Master.hs:263)
    markProcessorFailedIO (src/Shibuya/Internal/Runner/Master.hs:267)
 100% ( 13 / 13) in 'Shibuya.Core.Error'
 100% (  7 /  7) in 'Shibuya.Policy'
 100% ( 15 / 15) in 'Shibuya.Core.Ack'
Warning: 'AckHalt' is out of scope.
    If you qualify the identifier, haddock can try to link it anyway.
 100% ( 11 / 11) in 'Shibuya.Core.Retry'
 100% (  2 /  2) in 'Shibuya.Core.AckHandle'
 100% (  5 /  5) in 'Shibuya.Core.Ingested'
 100% (  2 /  2) in 'Shibuya.Handler'
 100% (  2 /  2) in 'Shibuya.Adapter'
 100% ( 10 / 10) in 'Shibuya.Adapter.Mock'
 100% ( 22 / 22) in 'Shibuya.Batch'
 100% ( 12 / 12) in 'Shibuya.Internal.Runner.Batcher'
 100% (  6 /  6) in 'Shibuya.Stream'
 100% ( 28 / 28) in 'Shibuya.Telemetry.Effect'
Warning: 'processOne' is out of scope.
    If you qualify the identifier, haddock can try to link it anyway.
 100% (  3 /  3) in 'Shibuya.Internal.Runner.Finalize'
 100% (  8 /  8) in 'Shibuya.Telemetry.Propagation'
 100% ( 30 / 30) in 'Shibuya.Telemetry.Semantic'
 100% (  7 /  7) in 'Shibuya.Telemetry'
Warning: 'atomicWriteIORef' is out of scope.
    If you qualify the identifier, haddock can try to link it anyway.
 100% (  6 /  6) in 'Shibuya.Internal.Runner.BatchProcessor'
 100% ( 13 / 13) in 'Shibuya.Internal.Runner.Supervised'
 100% (  7 /  7) in 'Shibuya.Internal.App'
 100% ( 32 / 32) in 'Shibuya.App'
 100% ( 88 / 88) in 'Shibuya'
 100% (  2 /  2) in 'Shibuya.Core'
Warning: Shibuya.Core.Types: could not find link destinations for: 
	- Shibuya.Core.Types.Rep_Envelope
	- Shibuya.Core.Types.Rep_Attempt
	- Shibuya.Core.Types.Rep_Cursor
	- Shibuya.Core.Types.Rep_MessageId
Warning: Shibuya.Core.Metrics: could not find link destinations for: 
	- Shibuya.Core.Metrics.Rep_ProcessorMetrics
	- Shibuya.Core.Metrics.Rep_BatchStats
	- Shibuya.Core.Metrics.Rep_StreamStats
	- Shibuya.Core.Metrics.Rep_ProcessorState
	- Shibuya.Core.Metrics.Rep_InFlightInfo
	- Shibuya.Core.Metrics.Rep_ProcessorId
Warning: Shibuya.Internal.Runner.Master: could not find link destinations for: 
	- Shibuya.Internal.Runner.Master.MasterRegistry
	- Shibuya.Internal.Runner.Master.Rep_Master
	- Shibuya.Internal.Runner.Master.Rep_MasterState
	- Shibuya.Internal.Runner.Master.Rep_ProcessorLifecycle
	- Shibuya.Internal.Runner.Master.Rep_MasterPhase
Warning: Shibuya.Core.Error: could not find link destinations for: 
	- Shibuya.Core.Error.Rep_ConfigError
	- Shibuya.Core.Error.Rep_RuntimeError
	- Shibuya.Core.Error.Rep_HandlerError
	- Shibuya.Core.Error.Rep_PolicyError
Warning: Shibuya.Policy: could not find link destinations for: 
	- Shibuya.Policy.Rep_Concurrency
	- Shibuya.Policy.Rep_OrderingPolicy
Warning: Shibuya.Core.Ack: could not find link destinations for: 
	- Shibuya.Core.Ack.Rep_AckDecision
	- Shibuya.Core.Ack.Rep_HaltReason
	- Shibuya.Core.Ack.Rep_DeadLetterReason
Warning: Shibuya.Core.Retry: could not find link destinations for: 
	- Shibuya.Core.Retry.Rep_BackoffPolicy
	- Shibuya.Core.Retry.Rep_Jitter
Warning: Shibuya.Batch: could not find link destinations for: 
	- Shibuya.Batch.Rep_BatchConfigError
	- Shibuya.Batch.Rep_BatchAck
	- Shibuya.Batch.Rep_BatchInfo
	- Shibuya.Batch.Rep_BatchTrigger
	- Shibuya.Batch.Rep_BatchKey
Warning: Shibuya.Telemetry.Effect: could not find link destinations for: 
	- OpenTelemetry.Internal.Trace.Types.FrozenSpan
	- OpenTelemetry.Internal.Trace.Types.Dropped
	- Shibuya.Telemetry.Effect.TracingRep
	- Shibuya.Telemetry.Effect.tracingEnabled
	- Shibuya.Telemetry.Effect.tracer
Warning: Shibuya.Internal.Runner.BatchProcessor: could not find link destinations for: 
	- Shibuya.Internal.Runner.Halt.ProcessorExitPublisher
	- Shibuya.Internal.Runner.Halt.ProcessorSignal
Warning: Shibuya.App: could not find link destinations for: 
	- Shibuya.Core.Metrics.Rep_ProcessorMetrics
	- Shibuya.Core.Metrics.Rep_ProcessorId
	- Shibuya.Internal.Runner.Master.Rep_Master
	- Shibuya.App.Rep_AppConfig
	- Shibuya.App.Rep_ShutdownConfig
	- Shibuya.App.Rep_SupervisionStrategy
Warning: Shibuya: could not find link destinations for: 
	- Shibuya.Core.Types.Rep_Envelope
	- Shibuya.Core.Types.Rep_Attempt
	- Shibuya.Core.Types.Rep_Cursor
	- Shibuya.Core.Types.Rep_MessageId
	- Shibuya.Core.Metrics.Rep_ProcessorMetrics
	- Shibuya.Core.Metrics.Rep_BatchStats
	- Shibuya.Core.Metrics.Rep_StreamStats
	- Shibuya.Core.Metrics.Rep_ProcessorState
	- Shibuya.Core.Metrics.Rep_InFlightInfo
	- Shibuya.Core.Metrics.Rep_ProcessorId
	- Shibuya.Internal.Runner.Master.Rep_Master
	- Shibuya.Core.Error.Rep_ConfigError
	- Shibuya.Core.Error.Rep_RuntimeError
	- Shibuya.Core.Error.Rep_HandlerError
	- Shibuya.Core.Error.Rep_PolicyError
	- Shibuya.Policy.Rep_Concurrency
	- Shibuya.Policy.Rep_OrderingPolicy
	- Shibuya.Core.Ack.Rep_AckDecision
	- Shibuya.Core.Ack.Rep_HaltReason
	- Shibuya.Core.Ack.Rep_DeadLetterReason
	- Shibuya.Internal.Runner.Halt.Rep_ProcessorFailure
	- Shibuya.Internal.Runner.Halt.Rep_ProcessorHalt
	- Shibuya.Batch.Rep_BatchConfigError
	- Shibuya.Batch.Rep_BatchAck
	- Shibuya.Batch.Rep_BatchInfo
	- Shibuya.Batch.Rep_BatchTrigger
	- Shibuya.Batch.Rep_BatchKey
	- Shibuya.Telemetry.Effect.TracingRep
	- Shibuya.Telemetry.Effect.tracingEnabled
	- Shibuya.Telemetry.Effect.tracer
	- Shibuya.App.Rep_AppConfig
	- Shibuya.App.Rep_ShutdownConfig
	- Shibuya.App.Rep_SupervisionStrategy
Documentation created:
/var/folders/fn/022xr90s5mz417hz7fllrhv80000gn/T/mp13-release-source-6jhizn0h/dist-newstyle/tmp/src-78841/shibuya-core-0.10.0.1/dist/doc/html/shibuya-core
Installing library in /Users/shinzui/.cabal/store/ghc-9.12.4-8bff/incoming/new-78841/Users/shinzui/.cabal/store/ghc-9.12.4-8bff/shby-cr-0.10.0.1-1c63da6e/lib
Configuring library for shibuya-kiroku-adapter-0.6.0.1...
Preprocessing library for shibuya-kiroku-adapter-0.6.0.1...
Running Haddock on library for shibuya-kiroku-adapter-0.6.0.1...
Warning: The following packages have no Haddock documentation installed. No
links will be generated to these packages: kiroku-store-0.11.0.0,
postgresql-libpq-configure-0.11, shibuya-kiroku-adapter-0.6.0.1,
attoparsec-0.14.4
[1 of 2] Compiling Shibuya.Adapter.Kiroku.Convert ( src/Shibuya/Adapter/Kiroku/Convert.hs, nothing ) [Flags changed]
[2 of 2] Compiling Shibuya.Adapter.Kiroku ( src/Shibuya/Adapter/Kiroku.hs, nothing ) [Flags changed]
Haddock coverage:
Warning: 'RecordedEvent' is ambiguous. It is defined
    * in ‘Kiroku.Store.Types’
    * in ‘Kiroku.Store.Types’
    You may be able to disambiguate the identifier by qualifying it or
    by specifying the type/value namespace explicitly.
    Defaulting to the one defined in ‘Kiroku.Store.Types’
Warning: 'Ingested' is ambiguous. It is defined
    * in ‘Shibuya.Core.Ingested’
    * in ‘Shibuya.Core.Ingested’
    You may be able to disambiguate the identifier by qualifying it or
    by specifying the type/value namespace explicitly.
    Defaulting to the one defined in ‘Shibuya.Core.Ingested’
Warning: 'Envelope' is ambiguous. It is defined
    * in ‘Shibuya.Core.Types’
    * in ‘Shibuya.Core.Types’
    You may be able to disambiguate the identifier by qualifying it or
    by specifying the type/value namespace explicitly.
    Defaulting to the one defined in ‘Shibuya.Core.Types’
Warning: 'KirokuEnvelopeAttrs' is ambiguous. It is defined
    * at src/Shibuya/Adapter/Kiroku/Convert.hs:81:31
    * at src/Shibuya/Adapter/Kiroku/Convert.hs:81:1
    You may be able to disambiguate the identifier by qualifying it or
    by specifying the type/value namespace explicitly.
    Defaulting to the one defined at src/Shibuya/Adapter/Kiroku/Convert.hs:81:1
Warning: 'MessageId' is ambiguous. It is defined
    * in ‘Shibuya.Core.Types’
    * in ‘Shibuya.Core.Types’
    You may be able to disambiguate the identifier by qualifying it or
    by specifying the type/value namespace explicitly.
    Defaulting to the one defined in ‘Shibuya.Core.Types’
Warning: 'AckItem' is ambiguous. It is defined
    * in ‘Kiroku.Store.Subscription.Stream’
    * in ‘Kiroku.Store.Subscription.Stream’
    You may be able to disambiguate the identifier by qualifying it or
    by specifying the type/value namespace explicitly.
    Defaulting to the one defined in ‘Kiroku.Store.Subscription.Stream’
Warning: 'subscriptionAckStream' is out of scope.
    If you qualify the identifier, haddock can try to link it anyway.
Warning: 'DeadLetterReason' is ambiguous. It is defined
    * in ‘Kiroku.Store.Subscription.Fsm’
    * in ‘Shibuya.Core.Ack’
    You may be able to disambiguate the identifier by qualifying it or
    by specifying the type/value namespace explicitly.
    Defaulting to the one defined in ‘Shibuya.Core.Ack’
Warning: 'detail' is out of scope.
    If you qualify the identifier, haddock can try to link it anyway.
Warning: 'code' is out of scope.
    If you qualify the identifier, haddock can try to link it anyway.
Warning: 'MaxRetriesExceeded' is out of scope.
    If you qualify the identifier, haddock can try to link it anyway.
 100% ( 10 / 10) in 'Shibuya.Adapter.Kiroku.Convert'
Warning: 'Adapter' is ambiguous. It is defined
    * in ‘Shibuya.Adapter’
    * in ‘Shibuya.Adapter’
    You may be able to disambiguate the identifier by qualifying it or
    by specifying the type/value namespace explicitly.
    Defaulting to the one defined in ‘Shibuya.Adapter’
Warning: 'TBQueue' is out of scope.
    If you qualify the identifier, haddock can try to link it anyway.
Warning: 'subscriptionStream' is out of scope.
    If you qualify the identifier, haddock can try to link it anyway.
Warning: 'subscriptionName' is ambiguous. It is defined
    * at src/Shibuya/Adapter/Kiroku.hs:205:7
    * at src/Shibuya/Adapter/Kiroku.hs:407:7
    You may be able to disambiguate the identifier by qualifying it or
    by specifying the type/value namespace explicitly.
    Defaulting to the one defined at src/Shibuya/Adapter/Kiroku.hs:407:7
Warning: 'runApp' is out of scope.
    If you qualify the identifier, haddock can try to link it anyway.
Warning: 'KirokuConsumerGroupConfig' is ambiguous. It is defined
    * at src/Shibuya/Adapter/Kiroku.hs:406:34
    * at src/Shibuya/Adapter/Kiroku.hs:406:1
    You may be able to disambiguate the identifier by qualifying it or
    by specifying the type/value namespace explicitly.
    Defaulting to the one defined at src/Shibuya/Adapter/Kiroku.hs:406:1
Warning: 'KirokuAdapterConfig' is ambiguous. It is defined
    * at src/Shibuya/Adapter/Kiroku.hs:204:28
    * at src/Shibuya/Adapter/Kiroku.hs:204:1
    You may be able to disambiguate the identifier by qualifying it or
    by specifying the type/value namespace explicitly.
    Defaulting to the one defined at src/Shibuya/Adapter/Kiroku.hs:204:1
Warning: 'RetryDelay' is ambiguous. It is defined
    * in ‘Shibuya.Core.Ack’
    * in ‘Shibuya.Core.Ack’
    You may be able to disambiguate the identifier by qualifying it or
    by specifying the type/value namespace explicitly.
    Defaulting to the one defined in ‘Shibuya.Core.Ack’
Warning: 'Ingested' is out of scope.
    If you qualify the identifier, haddock can try to link it anyway.
Warning: 'Envelope' is out of scope.
    If you qualify the identifier, haddock can try to link it anyway.
Warning: 'AckHandle' is out of scope.
    If you qualify the identifier, haddock can try to link it anyway.
Warning: 'QueueProcessor' is ambiguous. It is defined
    * in ‘Shibuya.Internal.App’
    * in ‘Shibuya.Internal.App’
    You may be able to disambiguate the identifier by qualifying it or
    by specifying the type/value namespace explicitly.
    Defaulting to the one defined in ‘Shibuya.Internal.App’
Warning: 'ProcessorId' is ambiguous. It is defined
    * in ‘Shibuya.Core.Metrics’
    * in ‘Shibuya.Core.Metrics’
    You may be able to disambiguate the identifier by qualifying it or
    by specifying the type/value namespace explicitly.
    Defaulting to the one defined in ‘Shibuya.Core.Metrics’
Warning: 'eventTypeFilter' is ambiguous. It is defined
    * at src/Shibuya/Adapter/Kiroku.hs:241:7
    * at src/Shibuya/Adapter/Kiroku.hs:438:7
    You may be able to disambiguate the identifier by qualifying it or
    by specifying the type/value namespace explicitly.
    Defaulting to the one defined at src/Shibuya/Adapter/Kiroku.hs:438:7
Warning: Shibuya.Adapter.Kiroku: Couldn't find .haddock for export SubscriptionName
Warning: Shibuya.Adapter.Kiroku: Couldn't find .haddock for export SubscriptionTarget
Warning: Shibuya.Adapter.Kiroku: Couldn't find .haddock for export ConsumerGroup
Warning: Shibuya.Adapter.Kiroku: Couldn't find .haddock for export ConsumerGroupSize
Warning: Shibuya.Adapter.Kiroku: Couldn't find .haddock for export consumerGroupSizeValue
Warning: Shibuya.Adapter.Kiroku: Couldn't find .haddock for export mkConsumerGroupSize
Warning: Shibuya.Adapter.Kiroku: Couldn't find .haddock for export mkConsumerGroup
Warning: Shibuya.Adapter.Kiroku: Couldn't find .haddock for export member
Warning: Shibuya.Adapter.Kiroku: Couldn't find .haddock for export size
Warning: Shibuya.Adapter.Kiroku: Couldn't find .haddock for export EventTypeFilter
Warning: Shibuya.Adapter.Kiroku: Couldn't find .haddock for export MissingCheckpointPolicy
  59% ( 16 / 27) in 'Shibuya.Adapter.Kiroku'
  Missing documentation for:
    SubscriptionName
    SubscriptionTarget
    ConsumerGroup
    ConsumerGroupSize
    consumerGroupSizeValue
    mkConsumerGroupSize
    mkConsumerGroup
    member
    size
    EventTypeFilter
    MissingCheckpointPolicy
Warning: Shibuya.Adapter.Kiroku.Convert: could not find link destinations for: 
	- Kiroku.Store.Types.RecordedEvent
	- Kiroku.Store.Subscription.Types.SubscriptionResult
	- Kiroku.Store.Subscription.Stream.AckItem
	- Kiroku.Store.Subscription.Fsm.DeadLetterReason
	- Kiroku.Store.Subscription.Types.Continue
	- Kiroku.Store.Subscription.Types.DeadLetter
	- Kiroku.Store.Subscription.Types.Retry
	- Kiroku.Store.Subscription.Fsm.DeadLetterOther
Warning: Shibuya.Adapter.Kiroku: could not find link destinations for: 
	- Kiroku.Store.Types.RecordedEvent
	- Kiroku.Store.Subscription.Stream.subscriptionAckStream
	- Kiroku.Store.Subscription.Stream.StreamBufferSize
	- Kiroku.Store.Connection.KirokuStore
	- Kiroku.Store.Subscription.Types.BatchSize
	- Kiroku.Store.Subscription.Types.InvalidConsumerGroup
	- Kiroku.Store.Subscription.Types.RetryPolicy
	- Kiroku.Store.Subscription.Types.Rep_MissingCheckpointPolicy
	- Kiroku.Store.Types.EventType
	- Kiroku.Store.Types.CategoryName
	- Shibuya.Adapter.Kiroku.Rep_KirokuAdapterConfig
	- Shibuya.Adapter.Kiroku.Rep_KirokuConsumerGroupConfig
Documentation created:
/var/folders/fn/022xr90s5mz417hz7fllrhv80000gn/T/mp13-release-source-6jhizn0h/dist-newstyle/build/aarch64-osx/ghc-9.12.4/shibuya-kiroku-adapter-0.6.0.1/doc/html/shibuya-kiroku-adapter-0.6.0.1-docs,
/var/folders/fn/022xr90s5mz417hz7fllrhv80000gn/T/mp13-release-source-6jhizn0h/dist-newstyle/build/aarch64-osx/ghc-9.12.4/shibuya-kiroku-adapter-0.6.0.1/doc/html/shibuya-kiroku-adapter-0.6.0.1-docs/shibuya-kiroku-adapter.txt
Documentation tarball created:
/var/folders/fn/022xr90s5mz417hz7fllrhv80000gn/T/mp13-release-source-6jhizn0h/dist-newstyle/shibuya-kiroku-adapter-0.6.0.1-docs.tar.gz
